id,level,chapter,section,requirement,applicability,rationale,control,verification_method,evidence,result,gap
v5.0.0-1.1.1,2,Encoding and Sanitization,Encoding and Sanitization Architecture,"Verify that input is decoded or unescaped into a canonical form only once, it is only decoded when encoded data in that form is expected, and that this is done before processing the input further, for example it is not performed after input validation or sanitization.",APPLICABLE,adapters.clean unescapes HTML twice; canonicalization order conflicts with the requirement.,backend/policy.py; backend/document_security.py; backend/models.py; frontend/src,Source review; additional requirement-specific verification required,backend/policy.py; backend/document_security.py; backend/models.py; frontend/src,FAIL,adapters.clean unescapes HTML twice; canonicalization order conflicts with the requirement.
v5.0.0-1.1.2,2,Encoding and Sanitization,Encoding and Sanitization Architecture,Verify that the application performs output encoding and escaping either as a final step before being used by the interpreter for which it is intended or by the interpreter itself.,APPLICABLE,Requirement applies to the Encoding and Sanitization Architecture surface; Encoding/interpreter review incomplete across every sink.,backend/policy.py; backend/document_security.py; backend/models.py; frontend/src,Source review; additional requirement-specific verification required,backend/policy.py; backend/document_security.py; backend/models.py; frontend/src,PARTIAL,Encoding/interpreter review incomplete across every sink.
v5.0.0-1.2.1,1,Encoding and Sanitization,Injection Prevention,"Verify that output encoding for an HTTP response, HTML document, or XML document is relevant for the context required, such as encoding the relevant characters for HTML elements, HTML attributes, HTML comments, CSS, or HTTP header fields, to avoid changing the message or document structure.",APPLICABLE,Requirement applies to the Injection Prevention surface; Encoding/interpreter review incomplete across every sink.,backend/policy.py; backend/document_security.py; backend/models.py; frontend/src,Source review; additional requirement-specific verification required,backend/policy.py; backend/document_security.py; backend/models.py; frontend/src,PARTIAL,Encoding/interpreter review incomplete across every sink.
v5.0.0-1.2.2,1,Encoding and Sanitization,Injection Prevention,"Verify that when dynamically building URLs, untrusted data is encoded according to its context (e.g., URL encoding or base64url encoding for query or path parameters). Ensure that only safe URL protocols are permitted (e.g., disallow javascript: or data:).",APPLICABLE,Requirement applies to the Injection Prevention surface; Encoding/interpreter review incomplete across every sink.,backend/policy.py; backend/document_security.py; backend/models.py; frontend/src,Source review; additional requirement-specific verification required,backend/policy.py; backend/document_security.py; backend/models.py; frontend/src,PARTIAL,Encoding/interpreter review incomplete across every sink.
v5.0.0-1.2.3,1,Encoding and Sanitization,Injection Prevention,"Verify that output encoding or escaping is used when dynamically building JavaScript content (including JSON), to avoid changing the message or document structure (to avoid JavaScript and JSON injection).",APPLICABLE,Requirement applies to the Injection Prevention surface; Encoding/interpreter review incomplete across every sink.,backend/policy.py; backend/document_security.py; backend/models.py; frontend/src,Source review; additional requirement-specific verification required,backend/policy.py; backend/document_security.py; backend/models.py; frontend/src,PARTIAL,Encoding/interpreter review incomplete across every sink.
v5.0.0-1.2.4,1,Encoding and Sanitization,Injection Prevention,"Verify that data selection or database queries (e.g., SQL, HQL, NoSQL, Cypher) use parameterized queries, ORMs, entity frameworks, or are otherwise protected from SQL Injection and other database injection attacks. This is also relevant when writing stored procedures.",APPLICABLE,SQLAlchemy persistence uses parameters; adversarial query text stays data.,tests/security/test_http_boundary.py::test_http_security_boundary,Source/document review and existing regression (execution status in release evidence),tests/security/test_http_boundary.py::test_http_security_boundary,PASS,
v5.0.0-1.2.5,1,Encoding and Sanitization,Injection Prevention,Verify that the application protects against OS command injection and that operating system calls use parameterized OS queries or use contextual command line output encoding.,APPLICABLE,Reviewed subprocess calls use explicit argument arrays; no application shell=True.,backend/document_security.py; backend/browser.py; backend/reliability.py,Source/document review,backend/document_security.py; backend/browser.py; backend/reliability.py,PASS,
v5.0.0-1.2.6,2,Encoding and Sanitization,Injection Prevention,"Verify that the application protects against LDAP injection vulnerabilities, or that specific security controls to prevent LDAP injection have been implemented.",NOT APPLICABLE,No LDAP client or directory query interpreter.,Mechanism absent in reviewed architecture,"Route, dependency and implementation inventory review",backend/policy.py; backend/document_security.py; backend/models.py; frontend/src,N/A,Reassess if this mechanism is introduced
v5.0.0-1.2.7,2,Encoding and Sanitization,Injection Prevention,Verify that the application is protected against XPath injection attacks by using query parameterization or precompiled queries.,NOT APPLICABLE,No XPath queries constructed from external input.,Mechanism absent in reviewed architecture,"Route, dependency and implementation inventory review",backend/policy.py; backend/document_security.py; backend/models.py; frontend/src,N/A,Reassess if this mechanism is introduced
v5.0.0-1.2.8,2,Encoding and Sanitization,Injection Prevention,"Verify that LaTeX processors are configured securely (such as not using the ""--shell-escape"" flag) and an allowlist of commands is used to prevent LaTeX injection attacks.",NOT APPLICABLE,No LaTeX processor or LaTeX template pipeline.,Mechanism absent in reviewed architecture,"Route, dependency and implementation inventory review",backend/policy.py; backend/document_security.py; backend/models.py; frontend/src,N/A,Reassess if this mechanism is introduced
v5.0.0-1.2.9,2,Encoding and Sanitization,Injection Prevention,Verify that the application escapes special characters in regular expressions (typically using a backslash) to prevent them from being misinterpreted as metacharacters.,APPLICABLE,Requirement applies to the Injection Prevention surface; Encoding/interpreter review incomplete across every sink.,backend/policy.py; backend/document_security.py; backend/models.py; frontend/src,Source review; additional requirement-specific verification required,backend/policy.py; backend/document_security.py; backend/models.py; frontend/src,PARTIAL,Encoding/interpreter review incomplete across every sink.
v5.0.0-1.2.10,3,Encoding and Sanitization,Injection Prevention,"Verify that the application is protected against CSV and Formula Injection. The application must follow the escaping rules defined in RFC 4180 sections 2.6 and 2.7 when exporting CSV content. Additionally, when exporting to CSV or other spreadsheet formats (such as XLS, XLSX, or ODF), special characters (including '=', '+', '-', '@', '\t' (tab), and '\0' (null character)) must be escaped with a single quote if they appear as the first character in a field value.",APPLICABLE,Outside L1/L2 release target; retained for completeness. Requirement applies to the Injection Prevention surface; Encoding/interpreter review incomplete across every sink.,backend/policy.py; backend/document_security.py; backend/models.py; frontend/src,Source review; additional requirement-specific verification required,backend/policy.py; backend/document_security.py; backend/models.py; frontend/src,PARTIAL,L3 not verified; no L3 claim. Encoding/interpreter review incomplete across every sink.
v5.0.0-1.3.1,1,Encoding and Sanitization,Sanitization,Verify that all untrusted HTML input from WYSIWYG editors or similar is sanitized using a well-known and secure HTML sanitization library or framework feature.,NOT APPLICABLE,No WYSIWYG editor or untrusted HTML rendering; listing HTML is converted to plain text.,Mechanism absent in reviewed architecture,"Route, dependency and implementation inventory review",backend/policy.py; backend/document_security.py; backend/models.py; frontend/src,N/A,Reassess if this mechanism is introduced
v5.0.0-1.3.2,1,Encoding and Sanitization,Sanitization,"Verify that the application avoids the use of eval() or other dynamic code execution features such as Spring Expression Language (SpEL). Where there is no alternative, any user input being included must be sanitized before being executed.",APPLICABLE,No eval or exec of external application input in reviewed backend/frontend.,backend; frontend/src,Source/document review,backend; frontend/src,PASS,
v5.0.0-1.3.3,2,Encoding and Sanitization,Sanitization,"Verify that data being passed to a potentially dangerous context is sanitized beforehand to enforce safety measures, such as only allowing characters which are safe for this context and trimming input which is too long.",APPLICABLE,Requirement applies to the Sanitization surface; Encoding/interpreter review incomplete across every sink.,backend/policy.py; backend/document_security.py; backend/models.py; frontend/src,Source review; additional requirement-specific verification required,backend/policy.py; backend/document_security.py; backend/models.py; frontend/src,PARTIAL,Encoding/interpreter review incomplete across every sink.
v5.0.0-1.3.4,2,Encoding and Sanitization,Sanitization,"Verify that user-supplied Scalable Vector Graphics (SVG) scriptable content is validated or sanitized to contain only tags and attributes (such as draw graphics) that are safe for the application, e.g., do not contain scripts and foreignObject.",NOT APPLICABLE,No SVG upload or user-controlled SVG rendering.,Mechanism absent in reviewed architecture,"Route, dependency and implementation inventory review",backend/policy.py; backend/document_security.py; backend/models.py; frontend/src,N/A,Reassess if this mechanism is introduced
v5.0.0-1.3.5,2,Encoding and Sanitization,Sanitization,"Verify that the application sanitizes or disables user-supplied scriptable or expression template language content, such as Markdown, CSS or XSL stylesheets, BBCode, or similar.",NOT APPLICABLE,No user-supplied Markdown/CSS/XSL/BBCode interpretation.,Mechanism absent in reviewed architecture,"Route, dependency and implementation inventory review",backend/policy.py; backend/document_security.py; backend/models.py; frontend/src,N/A,Reassess if this mechanism is introduced
v5.0.0-1.3.6,2,Encoding and Sanitization,Sanitization,"Verify that the application protects against Server-side Request Forgery (SSRF) attacks, by validating untrusted data against an allowlist of protocols, domains, paths and ports and sanitizing potentially dangerous characters before using the data to call another service.",APPLICABLE,Requirement applies to the Sanitization surface; Encoding/interpreter review incomplete across every sink.,backend/policy.py; backend/document_security.py; backend/models.py; frontend/src,Source review; additional requirement-specific verification required,backend/policy.py; backend/document_security.py; backend/models.py; frontend/src,PARTIAL,Encoding/interpreter review incomplete across every sink.
v5.0.0-1.3.7,2,Encoding and Sanitization,Sanitization,"Verify that the application protects against template injection attacks by not allowing templates to be built based on untrusted input. Where there is no alternative, any untrusted input being included dynamically during template creation must be sanitized or strictly validated.",APPLICABLE,Requirement applies to the Sanitization surface; Encoding/interpreter review incomplete across every sink.,backend/policy.py; backend/document_security.py; backend/models.py; frontend/src,Source review; additional requirement-specific verification required,backend/policy.py; backend/document_security.py; backend/models.py; frontend/src,PARTIAL,Encoding/interpreter review incomplete across every sink.
v5.0.0-1.3.8,2,Encoding and Sanitization,Sanitization,Verify that the application appropriately sanitizes untrusted input before use in Java Naming and Directory Interface (JNDI) queries and that JNDI is configured securely to prevent JNDI injection attacks.,NOT APPLICABLE,Python/TypeScript application has no JVM/JNDI query interface.,Mechanism absent in reviewed architecture,"Route, dependency and implementation inventory review",backend/policy.py; backend/document_security.py; backend/models.py; frontend/src,N/A,Reassess if this mechanism is introduced
v5.0.0-1.3.9,2,Encoding and Sanitization,Sanitization,Verify that the application sanitizes content before it is sent to memcache to prevent injection attacks.,NOT APPLICABLE,No memcache service or protocol client.,Mechanism absent in reviewed architecture,"Route, dependency and implementation inventory review",backend/policy.py; backend/document_security.py; backend/models.py; frontend/src,N/A,Reassess if this mechanism is introduced
v5.0.0-1.3.10,2,Encoding and Sanitization,Sanitization,Verify that format strings which might resolve in an unexpected or malicious way when used are sanitized before being processed.,APPLICABLE,Requirement applies to the Sanitization surface; Encoding/interpreter review incomplete across every sink.,backend/policy.py; backend/document_security.py; backend/models.py; frontend/src,Source review; additional requirement-specific verification required,backend/policy.py; backend/document_security.py; backend/models.py; frontend/src,PARTIAL,Encoding/interpreter review incomplete across every sink.
v5.0.0-1.3.11,2,Encoding and Sanitization,Sanitization,Verify that the application sanitizes user input before passing to mail systems to protect against SMTP or IMAP injection.,NOT APPLICABLE,No SMTP/IMAP mail client or mail sending feature.,Mechanism absent in reviewed architecture,"Route, dependency and implementation inventory review",backend/policy.py; backend/document_security.py; backend/models.py; frontend/src,N/A,Reassess if this mechanism is introduced
v5.0.0-1.3.12,3,Encoding and Sanitization,Sanitization,"Verify that regular expressions are free from elements causing exponential backtracking, and ensure untrusted input is sanitized to mitigate ReDoS or Runaway Regex attacks.",APPLICABLE,Outside L1/L2 release target; retained for completeness. Requirement applies to the Sanitization surface; Encoding/interpreter review incomplete across every sink.,backend/policy.py; backend/document_security.py; backend/models.py; frontend/src,Source review; additional requirement-specific verification required,backend/policy.py; backend/document_security.py; backend/models.py; frontend/src,PARTIAL,L3 not verified; no L3 claim. Encoding/interpreter review incomplete across every sink.
v5.0.0-1.4.1,2,Encoding and Sanitization,"Memory, String, and Unmanaged Code","Verify that the application uses memory-safe string, safer memory copy and pointer arithmetic to detect or prevent stack, buffer, or heap overflows.",APPLICABLE,"Requirement applies to the Memory, String, and Unmanaged Code surface; Encoding/interpreter review incomplete across every sink.",backend/policy.py; backend/document_security.py; backend/models.py; frontend/src,Source review; additional requirement-specific verification required,backend/policy.py; backend/document_security.py; backend/models.py; frontend/src,PARTIAL,Encoding/interpreter review incomplete across every sink.
v5.0.0-1.4.2,2,Encoding and Sanitization,"Memory, String, and Unmanaged Code","Verify that sign, range, and input validation techniques are used to prevent integer overflows.",APPLICABLE,"Requirement applies to the Memory, String, and Unmanaged Code surface; Encoding/interpreter review incomplete across every sink.",backend/policy.py; backend/document_security.py; backend/models.py; frontend/src,Source review; additional requirement-specific verification required,backend/policy.py; backend/document_security.py; backend/models.py; frontend/src,PARTIAL,Encoding/interpreter review incomplete across every sink.
v5.0.0-1.4.3,2,Encoding and Sanitization,"Memory, String, and Unmanaged Code","Verify that dynamically allocated memory and resources are released, and that references or pointers to freed memory are removed or set to null to prevent dangling pointers and use-after-free vulnerabilities.",APPLICABLE,"Requirement applies to the Memory, String, and Unmanaged Code surface; Encoding/interpreter review incomplete across every sink.",backend/policy.py; backend/document_security.py; backend/models.py; frontend/src,Source review; additional requirement-specific verification required,backend/policy.py; backend/document_security.py; backend/models.py; frontend/src,PARTIAL,Encoding/interpreter review incomplete across every sink.
v5.0.0-1.5.1,1,Encoding and Sanitization,Safe Deserialization,Verify that the application configures XML parsers to use a restrictive configuration and that unsafe features such as resolving external entities are disabled to prevent XML eXternal Entity (XXE) attacks.,APPLICABLE,Requirement applies to the Safe Deserialization surface; Encoding/interpreter review incomplete across every sink.,backend/policy.py; backend/document_security.py; backend/models.py; frontend/src,Source review; additional requirement-specific verification required,backend/policy.py; backend/document_security.py; backend/models.py; frontend/src,PARTIAL,Encoding/interpreter review incomplete across every sink.
v5.0.0-1.5.2,2,Encoding and Sanitization,Safe Deserialization,"Verify that deserialization of untrusted data enforces safe input handling, such as using an allowlist of object types or restricting client-defined object types, to prevent deserialization attacks. Deserialization mechanisms that are explicitly defined as insecure must not be used with untrusted input.",APPLICABLE,Requirement applies to the Safe Deserialization surface; Encoding/interpreter review incomplete across every sink.,backend/policy.py; backend/document_security.py; backend/models.py; frontend/src,Source review; additional requirement-specific verification required,backend/policy.py; backend/document_security.py; backend/models.py; frontend/src,PARTIAL,Encoding/interpreter review incomplete across every sink.
v5.0.0-1.5.3,3,Encoding and Sanitization,Safe Deserialization,"Verify that different parsers used in the application for the same data type (e.g., JSON parsers, XML parsers, URL parsers), perform parsing in a consistent way and use the same character encoding mechanism to avoid issues such as JSON Interoperability vulnerabilities or different URI or file parsing behavior being exploited in Remote File Inclusion (RFI) or Server-side Request Forgery (SSRF) attacks.",APPLICABLE,Outside L1/L2 release target; retained for completeness. Requirement applies to the Safe Deserialization surface; Encoding/interpreter review incomplete across every sink.,backend/policy.py; backend/document_security.py; backend/models.py; frontend/src,Source review; additional requirement-specific verification required,backend/policy.py; backend/document_security.py; backend/models.py; frontend/src,PARTIAL,L3 not verified; no L3 claim. Encoding/interpreter review incomplete across every sink.
v5.0.0-2.1.1,1,Validation and Business Logic,Validation and Business Logic Documentation,"Verify that the application's documentation defines input validation rules for how to check the validity of data items against an expected structure. This could be common data formats such as credit card numbers, email addresses, telephone numbers, or it could be an internal data format.",APPLICABLE,Input/upload/business-security limits documented.,docs/security/DATA_PROTECTION.md,Source/document review,docs/security/DATA_PROTECTION.md,PASS,
v5.0.0-2.1.2,2,Validation and Business Logic,Validation and Business Logic Documentation,"Verify that the application's documentation defines how to validate the logical and contextual consistency of combined data items, such as checking that suburb and ZIP code match.",APPLICABLE,Requirement applies to the Validation and Business Logic Documentation surface; Business flow and generic dict inputs require complete per-endpoint validation review.,backend/main.py; backend/policy.py; backend/ai_usage.py,Source review; additional requirement-specific verification required,backend/main.py; backend/policy.py; backend/ai_usage.py,PARTIAL,Business flow and generic dict inputs require complete per-endpoint validation review.
v5.0.0-2.1.3,2,Validation and Business Logic,Validation and Business Logic Documentation,"Verify that expectations for business logic limits and validations are documented, including both per-user and globally across the application.",APPLICABLE,Requirement applies to the Validation and Business Logic Documentation surface; Business flow and generic dict inputs require complete per-endpoint validation review.,backend/main.py; backend/policy.py; backend/ai_usage.py,Source review; additional requirement-specific verification required,backend/main.py; backend/policy.py; backend/ai_usage.py,PARTIAL,Business flow and generic dict inputs require complete per-endpoint validation review.
v5.0.0-2.2.1,1,Validation and Business Logic,Input Validation,"Verify that input is validated to enforce business or functional expectations for that input. This should either use positive validation against an allow list of values, patterns, and ranges, or be based on comparing the input to an expected structure and logical limits according to predefined rules. For L1, this can focus on input which is used to make specific business or security decisions. For L2 and up, this should apply to all input.",APPLICABLE,Requirement applies to the Input Validation surface; Business flow and generic dict inputs require complete per-endpoint validation review.,backend/main.py; backend/policy.py; backend/ai_usage.py,Source review; additional requirement-specific verification required,backend/main.py; backend/policy.py; backend/ai_usage.py,PARTIAL,Business flow and generic dict inputs require complete per-endpoint validation review.
v5.0.0-2.2.2,1,Validation and Business Logic,Input Validation,"Verify that the application is designed to enforce input validation at a trusted service layer. While client-side validation improves usability and should be encouraged, it must not be relied upon as a security control.",APPLICABLE,Security validation is server-side; browser validation is not the guard.,backend/main.py; tests/security/test_http_boundary.py::test_http_security_boundary,Source/document review and existing regression (execution status in release evidence),backend/main.py; tests/security/test_http_boundary.py::test_http_security_boundary,PASS,
v5.0.0-2.2.3,2,Validation and Business Logic,Input Validation,Verify that the application ensures that combinations of related data items are reasonable according to the pre-defined rules.,APPLICABLE,Requirement applies to the Input Validation surface; Business flow and generic dict inputs require complete per-endpoint validation review.,backend/main.py; backend/policy.py; backend/ai_usage.py,Source review; additional requirement-specific verification required,backend/main.py; backend/policy.py; backend/ai_usage.py,PARTIAL,Business flow and generic dict inputs require complete per-endpoint validation review.
v5.0.0-2.3.1,1,Validation and Business Logic,Business Logic Security,Verify that the application will only process business logic flows for the same user in the expected sequential step order and without skipping steps.,APPLICABLE,Requirement applies to the Business Logic Security surface; Business flow and generic dict inputs require complete per-endpoint validation review.,backend/main.py; backend/policy.py; backend/ai_usage.py,Source review; additional requirement-specific verification required,backend/main.py; backend/policy.py; backend/ai_usage.py,PARTIAL,Business flow and generic dict inputs require complete per-endpoint validation review.
v5.0.0-2.3.2,2,Validation and Business Logic,Business Logic Security,Verify that business logic limits are implemented per the application's documentation to avoid business logic flaws being exploited.,APPLICABLE,Requirement applies to the Business Logic Security surface; Business flow and generic dict inputs require complete per-endpoint validation review.,backend/main.py; backend/policy.py; backend/ai_usage.py,Source review; additional requirement-specific verification required,backend/main.py; backend/policy.py; backend/ai_usage.py,PARTIAL,Business flow and generic dict inputs require complete per-endpoint validation review.
v5.0.0-2.3.3,2,Validation and Business Logic,Business Logic Security,Verify that transactions are being used at the business logic level such that either a business logic operation succeeds in its entirety or it is rolled back to the previous correct state.,APPLICABLE,Requirement applies to the Business Logic Security surface; Business flow and generic dict inputs require complete per-endpoint validation review.,backend/main.py; backend/policy.py; backend/ai_usage.py,Source review; additional requirement-specific verification required,backend/main.py; backend/policy.py; backend/ai_usage.py,PARTIAL,Business flow and generic dict inputs require complete per-endpoint validation review.
v5.0.0-2.3.4,2,Validation and Business Logic,Business Logic Security,Verify that business logic level locking mechanisms are used to ensure that limited quantity resources (such as theater seats or delivery slots) cannot be double-booked by manipulating the application's logic.,APPLICABLE,Requirement applies to the Business Logic Security surface; Business flow and generic dict inputs require complete per-endpoint validation review.,backend/main.py; backend/policy.py; backend/ai_usage.py,Source review; additional requirement-specific verification required,backend/main.py; backend/policy.py; backend/ai_usage.py,PARTIAL,Business flow and generic dict inputs require complete per-endpoint validation review.
v5.0.0-2.3.5,3,Validation and Business Logic,Business Logic Security,"Verify that high-value business logic flows require multi-user approval to prevent unauthorized or accidental actions. This could include but is not limited to large monetary transfers, contract approvals, access to classified information, or safety overrides in manufacturing.",APPLICABLE,Outside L1/L2 release target; retained for completeness. Requirement applies to the Business Logic Security surface; Business flow and generic dict inputs require complete per-endpoint validation review.,backend/main.py; backend/policy.py; backend/ai_usage.py,Source review; additional requirement-specific verification required,backend/main.py; backend/policy.py; backend/ai_usage.py,PARTIAL,L3 not verified; no L3 claim. Business flow and generic dict inputs require complete per-endpoint validation review.
v5.0.0-2.4.1,2,Validation and Business Logic,Anti-automation,"Verify that anti-automation controls are in place to protect against excessive calls to application functions that could lead to data exfiltration, garbage-data creation, quota exhaustion, rate-limit breaches, denial-of-service, or overuse of costly resources.",APPLICABLE,Requirement applies to the Anti-automation surface; Business flow and generic dict inputs require complete per-endpoint validation review.,backend/main.py; backend/policy.py; backend/ai_usage.py,Source review; additional requirement-specific verification required,backend/main.py; backend/policy.py; backend/ai_usage.py,PARTIAL,Business flow and generic dict inputs require complete per-endpoint validation review.
v5.0.0-2.4.2,3,Validation and Business Logic,Anti-automation,"Verify that business logic flows require realistic human timing, preventing excessively rapid transaction submissions.",APPLICABLE,Outside L1/L2 release target; retained for completeness. Requirement applies to the Anti-automation surface; Business flow and generic dict inputs require complete per-endpoint validation review.,backend/main.py; backend/policy.py; backend/ai_usage.py,Source review; additional requirement-specific verification required,backend/main.py; backend/policy.py; backend/ai_usage.py,PARTIAL,L3 not verified; no L3 claim. Business flow and generic dict inputs require complete per-endpoint validation review.
v5.0.0-3.1.1,3,Web Frontend Security,Web Frontend Security Documentation,"Verify that application documentation states the expected security features that browsers using the application must support (such as HTTPS, HTTP Strict Transport Security (HSTS), Content Security Policy (CSP), and other relevant HTTP security mechanisms). It must also define how the application must behave when some of these features are not available (such as warning the user or blocking access).",APPLICABLE,Outside L1/L2 release target; retained for completeness. Requirement applies to the Web Frontend Security Documentation surface; Early-return headers and browser state need targeted verification.,backend/main.py; frontend/src/main.tsx,Source review; additional requirement-specific verification required,backend/main.py; frontend/src/main.tsx,PARTIAL,L3 not verified; no L3 claim. Early-return headers and browser state need targeted verification.
v5.0.0-3.2.1,1,Web Frontend Security,Unintended Content Interpretation,"Verify that security controls are in place to prevent browsers from rendering content or functionality in HTTP responses in an incorrect context (e.g., when an API, a user-uploaded file or other resource is requested directly). Possible controls could include: not serving the content unless HTTP request header fields (such as Sec-Fetch-\*) indicate it is the correct context, using the sandbox directive of the Content-Security-Policy header field or using the attachment disposition type in the Content-Disposition header field.",APPLICABLE,Requirement applies to the Unintended Content Interpretation surface; Early-return headers and browser state need targeted verification.,backend/main.py; frontend/src/main.tsx,Source review; additional requirement-specific verification required,backend/main.py; frontend/src/main.tsx,PARTIAL,Early-return headers and browser state need targeted verification.
v5.0.0-3.2.2,1,Web Frontend Security,Unintended Content Interpretation,"Verify that content intended to be displayed as text, rather than rendered as HTML, is handled using safe rendering functions (such as createTextNode or textContent) to prevent unintended execution of content such as HTML or JavaScript.",APPLICABLE,Untrusted text rendered through React text expressions; no unsafe innerHTML sink found.,frontend/src; tests/security/test_http_boundary.py::test_http_security_boundary,Source/document review and existing regression (execution status in release evidence),frontend/src; tests/security/test_http_boundary.py::test_http_security_boundary,PASS,
v5.0.0-3.2.3,3,Web Frontend Security,Unintended Content Interpretation,"Verify that the application avoids DOM clobbering when using client-side JavaScript by employing explicit variable declarations, performing strict type checking, avoiding storing global variables on the document object, and implementing namespace isolation.",APPLICABLE,Outside L1/L2 release target; retained for completeness. Requirement applies to the Unintended Content Interpretation surface; Early-return headers and browser state need targeted verification.,backend/main.py; frontend/src/main.tsx,Source review; additional requirement-specific verification required,backend/main.py; frontend/src/main.tsx,PARTIAL,L3 not verified; no L3 claim. Early-return headers and browser state need targeted verification.
v5.0.0-3.3.1,1,Web Frontend Security,Cookie Setup,"Verify that cookies have the 'Secure' attribute set, and if the '\__Host-' prefix is not used for the cookie name, the '__Secure-' prefix must be used for the cookie name.",NOT APPLICABLE,"No Set-Cookie or application cookie mechanism; frontend uses browser storage, not cookies.",Mechanism absent in reviewed architecture,"Route, dependency and implementation inventory review",backend/main.py; frontend/src/main.tsx,N/A,Reassess if this mechanism is introduced
v5.0.0-3.3.2,2,Web Frontend Security,Cookie Setup,"Verify that each cookie's 'SameSite' attribute value is set according to the purpose of the cookie, to limit exposure to user interface redress attacks and browser-based request forgery attacks, commonly known as cross-site request forgery (CSRF).",NOT APPLICABLE,"No Set-Cookie or application cookie mechanism; frontend uses browser storage, not cookies.",Mechanism absent in reviewed architecture,"Route, dependency and implementation inventory review",backend/main.py; frontend/src/main.tsx,N/A,Reassess if this mechanism is introduced
v5.0.0-3.3.3,2,Web Frontend Security,Cookie Setup,Verify that cookies have the '__Host-' prefix for the cookie name unless they are explicitly designed to be shared with other hosts.,NOT APPLICABLE,"No Set-Cookie or application cookie mechanism; frontend uses browser storage, not cookies.",Mechanism absent in reviewed architecture,"Route, dependency and implementation inventory review",backend/main.py; frontend/src/main.tsx,N/A,Reassess if this mechanism is introduced
v5.0.0-3.3.4,2,Web Frontend Security,Cookie Setup,"Verify that if the value of a cookie is not meant to be accessible to client-side scripts (such as a session token), the cookie must have the 'HttpOnly' attribute set and the same value (e. g. session token) must only be transferred to the client via the 'Set-Cookie' header field.",NOT APPLICABLE,"No Set-Cookie or application cookie mechanism; frontend uses browser storage, not cookies.",Mechanism absent in reviewed architecture,"Route, dependency and implementation inventory review",backend/main.py; frontend/src/main.tsx,N/A,Reassess if this mechanism is introduced
v5.0.0-3.3.5,3,Web Frontend Security,Cookie Setup,"Verify that when the application writes a cookie, the cookie name and value length combined are not over 4096 bytes. Overly large cookies will not be stored by the browser and therefore not sent with requests, preventing the user from using application functionality which relies on that cookie.",NOT APPLICABLE,"No Set-Cookie or application cookie mechanism; frontend uses browser storage, not cookies.",Mechanism absent in reviewed architecture,"Route, dependency and implementation inventory review",backend/main.py; frontend/src/main.tsx,N/A,Reassess if this mechanism is introduced
v5.0.0-3.4.1,1,Web Frontend Security,Browser Security Mechanism Headers,"Verify that a Strict-Transport-Security header field is included on all responses to enforce an HTTP Strict Transport Security (HSTS) policy. A maximum age of at least 1 year must be defined, and for L2 and up, the policy must apply to all subdomains as well.",NOT APPLICABLE,"Supported listener is HTTP on numeric loopback, with no TLS domain/subdomain deployment; HSTS does not secure this supported loopback transport. Public hosting is unsupported.",Mechanism absent in reviewed architecture,"Route, dependency and implementation inventory review",backend/main.py; frontend/src/main.tsx,N/A,Reassess if this mechanism is introduced
v5.0.0-3.4.2,1,Web Frontend Security,Browser Security Mechanism Headers,"Verify that the Cross-Origin Resource Sharing (CORS) Access-Control-Allow-Origin header field is a fixed value by the application, or if the Origin HTTP request header field value is used, it is validated against an allowlist of trusted origins. When 'Access-Control-Allow-Origin: *' needs to be used, verify that the response does not include any sensitive information.",APPLICABLE,No permissive CORS response; supplied Origin checked against explicit localhost allowlist.,backend/main.py; tests/security/test_http_boundary.py::test_http_security_boundary,Source/document review and existing regression (execution status in release evidence),backend/main.py; tests/security/test_http_boundary.py::test_http_security_boundary,PASS,
v5.0.0-3.4.3,2,Web Frontend Security,Browser Security Mechanism Headers,"Verify that HTTP responses include a Content-Security-Policy response header field which defines directives to ensure the browser only loads and executes trusted content or resources, in order to limit execution of malicious JavaScript. As a minimum, a global policy must be used which includes the directives object-src 'none' and base-uri 'none' and defines either an allowlist or uses nonces or hashes. For an L3 application, a per-response policy with nonces or hashes must be defined.",APPLICABLE,Requirement applies to the Browser Security Mechanism Headers surface; Early-return headers and browser state need targeted verification.,backend/main.py; frontend/src/main.tsx,Source review; additional requirement-specific verification required,backend/main.py; frontend/src/main.tsx,PARTIAL,Early-return headers and browser state need targeted verification.
v5.0.0-3.4.4,2,Web Frontend Security,Browser Security Mechanism Headers,"Verify that all HTTP responses contain an 'X-Content-Type-Options: nosniff' header field. This instructs browsers not to use content sniffing and MIME type guessing for the given response, and to require the response's Content-Type header field value to match the destination resource. For example, the response to a request for a style is only accepted if the response's Content-Type is 'text/css'. This also enables the use of the Cross-Origin Read Blocking (CORB) functionality by the browser.",APPLICABLE,Requirement applies to the Browser Security Mechanism Headers surface; Early-return headers and browser state need targeted verification.,backend/main.py; frontend/src/main.tsx,Source review; additional requirement-specific verification required,backend/main.py; frontend/src/main.tsx,PARTIAL,Early-return headers and browser state need targeted verification.
v5.0.0-3.4.5,2,Web Frontend Security,Browser Security Mechanism Headers,"Verify that the application sets a referrer policy to prevent leakage of technically sensitive data to third-party services via the 'Referer' HTTP request header field. This can be done using the Referrer-Policy HTTP response header field or via HTML element attributes. Sensitive data could include path and query data in the URL, and for internal non-public applications also the hostname.",APPLICABLE,Requirement applies to the Browser Security Mechanism Headers surface; Early-return headers and browser state need targeted verification.,backend/main.py; frontend/src/main.tsx,Source review; additional requirement-specific verification required,backend/main.py; frontend/src/main.tsx,PARTIAL,Early-return headers and browser state need targeted verification.
v5.0.0-3.4.6,2,Web Frontend Security,Browser Security Mechanism Headers,"Verify that the web application uses the frame-ancestors directive of the Content-Security-Policy header field for every HTTP response to ensure that it cannot be embedded by default and that embedding of specific resources is allowed only when necessary. Note that the X-Frame-Options header field, although supported by browsers, is obsolete and may not be relied upon.",APPLICABLE,Requirement applies to the Browser Security Mechanism Headers surface; Early-return headers and browser state need targeted verification.,backend/main.py; frontend/src/main.tsx,Source review; additional requirement-specific verification required,backend/main.py; frontend/src/main.tsx,PARTIAL,Early-return headers and browser state need targeted verification.
v5.0.0-3.4.7,3,Web Frontend Security,Browser Security Mechanism Headers,Verify that the Content-Security-Policy header field specifies a location to report violations.,APPLICABLE,Outside L1/L2 release target; retained for completeness. Requirement applies to the Browser Security Mechanism Headers surface; Early-return headers and browser state need targeted verification.,backend/main.py; frontend/src/main.tsx,Source review; additional requirement-specific verification required,backend/main.py; frontend/src/main.tsx,PARTIAL,L3 not verified; no L3 claim. Early-return headers and browser state need targeted verification.
v5.0.0-3.4.8,3,Web Frontend Security,Browser Security Mechanism Headers,"Verify that all HTTP responses that initiate a document rendering (such as responses with Content-Type text/html), include the Cross‑Origin‑Opener‑Policy header field with the same-origin directive or the same-origin-allow-popups directive as required. This prevents attacks that abuse shared access to Window objects, such as tabnabbing and frame counting.",APPLICABLE,Outside L1/L2 release target; retained for completeness. Requirement applies to the Browser Security Mechanism Headers surface; Early-return headers and browser state need targeted verification.,backend/main.py; frontend/src/main.tsx,Source review; additional requirement-specific verification required,backend/main.py; frontend/src/main.tsx,PARTIAL,L3 not verified; no L3 claim. Early-return headers and browser state need targeted verification.
v5.0.0-3.5.1,1,Web Frontend Security,Browser Origin Separation,"Verify that, if the application does not rely on the CORS preflight mechanism to prevent disallowed cross-origin requests to use sensitive functionality, these requests are validated to ensure they originate from the application itself. This may be done by using and validating anti-forgery tokens or requiring extra HTTP header fields that are not CORS-safelisted request-header fields. This is to defend against browser-based request forgery attacks, commonly known as cross-site request forgery (CSRF).",APPLICABLE,Origin and cross-site guard plus content-type validation protect browser mutation boundary.,tests/security/test_http_boundary.py::test_http_security_boundary,Source/document review and existing regression (execution status in release evidence),tests/security/test_http_boundary.py::test_http_security_boundary,PASS,
v5.0.0-3.5.2,1,Web Frontend Security,Browser Origin Separation,"Verify that, if the application relies on the CORS preflight mechanism to prevent disallowed cross-origin use of sensitive functionality, it is not possible to call the functionality with a request which does not trigger a CORS-preflight request. This may require checking the values of the 'Origin' and 'Content-Type' request header fields or using an extra header field that is not a CORS-safelisted header-field.",NOT APPLICABLE,"CSRF controls use server Origin and Sec-Fetch-Site validation, not reliance on CORS preflight alone.",Mechanism absent in reviewed architecture,"Route, dependency and implementation inventory review",backend/main.py; frontend/src/main.tsx,N/A,Reassess if this mechanism is introduced
v5.0.0-3.5.3,1,Web Frontend Security,Browser Origin Separation,"Verify that HTTP requests to sensitive functionality use appropriate HTTP methods such as POST, PUT, PATCH, or DELETE, and not methods defined by the HTTP specification as ""safe"" such as HEAD, OPTIONS, or GET. Alternatively, strict validation of the Sec-Fetch-* request header fields can be used to ensure that the request did not originate from an inappropriate cross-origin call, a navigation request, or a resource load (such as an image source) where this is not expected.",APPLICABLE,Requirement applies to the Browser Origin Separation surface; Early-return headers and browser state need targeted verification.,backend/main.py; frontend/src/main.tsx,Source review; additional requirement-specific verification required,backend/main.py; frontend/src/main.tsx,PARTIAL,Early-return headers and browser state need targeted verification.
v5.0.0-3.5.4,2,Web Frontend Security,Browser Origin Separation,"Verify that separate applications are hosted on different hostnames to leverage the restrictions provided by same-origin policy, including how documents or scripts loaded by one origin can interact with resources from another origin and hostname-based restrictions on cookies.",APPLICABLE,Requirement applies to the Browser Origin Separation surface; Early-return headers and browser state need targeted verification.,backend/main.py; frontend/src/main.tsx,Source review; additional requirement-specific verification required,backend/main.py; frontend/src/main.tsx,PARTIAL,Early-return headers and browser state need targeted verification.
v5.0.0-3.5.5,2,Web Frontend Security,Browser Origin Separation,"Verify that messages received by the postMessage interface are discarded if the origin of the message is not trusted, or if the syntax of the message is invalid.",NOT APPLICABLE,No postMessage message receiver.,Mechanism absent in reviewed architecture,"Route, dependency and implementation inventory review",backend/main.py; frontend/src/main.tsx,N/A,Reassess if this mechanism is introduced
v5.0.0-3.5.6,3,Web Frontend Security,Browser Origin Separation,Verify that JSONP functionality is not enabled anywhere across the application to avoid Cross-Site Script Inclusion (XSSI) attacks.,APPLICABLE,Outside L1/L2 release target; retained for completeness. Requirement applies to the Browser Origin Separation surface; Early-return headers and browser state need targeted verification.,backend/main.py; frontend/src/main.tsx,Source review; additional requirement-specific verification required,backend/main.py; frontend/src/main.tsx,PARTIAL,L3 not verified; no L3 claim. Early-return headers and browser state need targeted verification.
v5.0.0-3.5.7,3,Web Frontend Security,Browser Origin Separation,"Verify that data requiring authorization is not included in script resource responses, like JavaScript files, to prevent Cross-Site Script Inclusion (XSSI) attacks.",APPLICABLE,Outside L1/L2 release target; retained for completeness. Requirement applies to the Browser Origin Separation surface; Early-return headers and browser state need targeted verification.,backend/main.py; frontend/src/main.tsx,Source review; additional requirement-specific verification required,backend/main.py; frontend/src/main.tsx,PARTIAL,L3 not verified; no L3 claim. Early-return headers and browser state need targeted verification.
v5.0.0-3.5.8,3,Web Frontend Security,Browser Origin Separation,"Verify that authenticated resources (such as images, videos, scripts, and other documents) can be loaded or embedded on behalf of the user only when intended. This can be accomplished by strict validation of the Sec-Fetch-* HTTP request header fields to ensure that the request did not originate from an inappropriate cross-origin call, or by setting a restrictive Cross-Origin-Resource-Policy HTTP response header field to instruct the browser to block returned content.",APPLICABLE,Outside L1/L2 release target; retained for completeness. Requirement applies to the Browser Origin Separation surface; Early-return headers and browser state need targeted verification.,backend/main.py; frontend/src/main.tsx,Source review; additional requirement-specific verification required,backend/main.py; frontend/src/main.tsx,PARTIAL,L3 not verified; no L3 claim. Early-return headers and browser state need targeted verification.
v5.0.0-3.6.1,3,Web Frontend Security,External Resource Integrity,"Verify that client-side assets, such as JavaScript libraries, CSS, or web fonts, are only hosted externally (e.g., on a Content Delivery Network) if the resource is static and versioned and Subresource Integrity (SRI) is used to validate the integrity of the asset. If this is not possible, there should be a documented security decision to justify this for each resource.",APPLICABLE,Outside L1/L2 release target; retained for completeness. Requirement applies to the External Resource Integrity surface; Early-return headers and browser state need targeted verification.,backend/main.py; frontend/src/main.tsx,Source review; additional requirement-specific verification required,backend/main.py; frontend/src/main.tsx,PARTIAL,L3 not verified; no L3 claim. Early-return headers and browser state need targeted verification.
v5.0.0-3.7.1,2,Web Frontend Security,Other Browser Security Considerations,"Verify that the application only uses client-side technologies which are still supported and considered secure. Examples of technologies which do not meet this requirement include NSAPI plugins, Flash, Shockwave, ActiveX, Silverlight, NACL, or client-side Java applets.",APPLICABLE,"React web UI uses supported browser technologies, no plugin/applet stack.",frontend/package.json; frontend/src,Source/document review,frontend/package.json; frontend/src,PASS,
v5.0.0-3.7.2,2,Web Frontend Security,Other Browser Security Considerations,Verify that the application will only automatically redirect the user to a different hostname or domain (which is not controlled by the application) where the destination appears on an allowlist.,NOT APPLICABLE,No automatic external redirect handler; employer links require a user click.,Mechanism absent in reviewed architecture,"Route, dependency and implementation inventory review",backend/main.py; frontend/src/main.tsx,N/A,Reassess if this mechanism is introduced
v5.0.0-3.7.3,3,Web Frontend Security,Other Browser Security Considerations,"Verify that the application shows a notification when the user is being redirected to a URL outside of the application's control, with an option to cancel the navigation.",APPLICABLE,Outside L1/L2 release target; retained for completeness. Requirement applies to the Other Browser Security Considerations surface; Early-return headers and browser state need targeted verification.,backend/main.py; frontend/src/main.tsx,Source review; additional requirement-specific verification required,backend/main.py; frontend/src/main.tsx,PARTIAL,L3 not verified; no L3 claim. Early-return headers and browser state need targeted verification.
v5.0.0-3.7.4,3,Web Frontend Security,Other Browser Security Considerations,"Verify that the application's top-level domain (e.g., site.tld) is added to the public preload list for HTTP Strict Transport Security (HSTS). This ensures that the use of TLS for the application is built directly into the main browsers, rather than relying only on the Strict-Transport-Security response header field.",APPLICABLE,Outside L1/L2 release target; retained for completeness. Requirement applies to the Other Browser Security Considerations surface; Early-return headers and browser state need targeted verification.,backend/main.py; frontend/src/main.tsx,Source review; additional requirement-specific verification required,backend/main.py; frontend/src/main.tsx,PARTIAL,L3 not verified; no L3 claim. Early-return headers and browser state need targeted verification.
v5.0.0-3.7.5,3,Web Frontend Security,Other Browser Security Considerations,Verify that the application behaves as documented (such as warning the user or blocking access) if the browser used to access the application does not support the expected security features.,APPLICABLE,Outside L1/L2 release target; retained for completeness. Requirement applies to the Other Browser Security Considerations surface; Early-return headers and browser state need targeted verification.,backend/main.py; frontend/src/main.tsx,Source review; additional requirement-specific verification required,backend/main.py; frontend/src/main.tsx,PARTIAL,L3 not verified; no L3 claim. Early-return headers and browser state need targeted verification.
v5.0.0-4.1.1,1,API and Web Service,Generic Web Service Security,"Verify that every HTTP response with a message body contains a Content-Type header field that matches the actual content of the response, including the charset parameter to specify safe character encoding (e.g., UTF-8, ISO-8859-1) according to IANA Media Types, such as ""text/"", ""/+xml"" and ""/xml"".",APPLICABLE,Requirement applies to the Generic Web Service Security surface; Protocol and proxy boundary behavior needs full negative verification.,backend/main.py; tests/security/test_http_boundary.py,Source review; additional requirement-specific verification required,backend/main.py; tests/security/test_http_boundary.py,PARTIAL,Protocol and proxy boundary behavior needs full negative verification.
v5.0.0-4.1.2,2,API and Web Service,Generic Web Service Security,"Verify that only user-facing endpoints (intended for manual web-browser access) automatically redirect from HTTP to HTTPS, while other services or endpoints do not implement transparent redirects. This is to avoid a situation where a client is erroneously sending unencrypted HTTP requests, but since the requests are being automatically redirected to HTTPS, the leakage of sensitive data goes undiscovered.",NOT APPLICABLE,No HTTP-to-HTTPS redirect service; local loopback listener and explicit outbound HTTPS requests.,Mechanism absent in reviewed architecture,"Route, dependency and implementation inventory review",backend/main.py; tests/security/test_http_boundary.py,N/A,Reassess if this mechanism is introduced
v5.0.0-4.1.3,2,API and Web Service,Generic Web Service Security,"Verify that any HTTP header field used by the application and set by an intermediary layer, such as a load balancer, a web proxy, or a backend-for-frontend service, cannot be overridden by the end-user. Example headers might include X-Real-IP, X-Forwarded-*, or X-User-ID.",APPLICABLE,Requirement applies to the Generic Web Service Security surface; Protocol and proxy boundary behavior needs full negative verification.,backend/main.py; tests/security/test_http_boundary.py,Source review; additional requirement-specific verification required,backend/main.py; tests/security/test_http_boundary.py,PARTIAL,Protocol and proxy boundary behavior needs full negative verification.
v5.0.0-4.1.4,3,API and Web Service,Generic Web Service Security,Verify that only HTTP methods that are explicitly supported by the application or its API (including OPTIONS during preflight requests) can be used and that unused methods are blocked.,APPLICABLE,Outside L1/L2 release target; retained for completeness. Requirement applies to the Generic Web Service Security surface; Protocol and proxy boundary behavior needs full negative verification.,backend/main.py; tests/security/test_http_boundary.py,Source review; additional requirement-specific verification required,backend/main.py; tests/security/test_http_boundary.py,PARTIAL,L3 not verified; no L3 claim. Protocol and proxy boundary behavior needs full negative verification.
v5.0.0-4.1.5,3,API and Web Service,Generic Web Service Security,Verify that per-message digital signatures are used to provide additional assurance on top of transport protections for requests or transactions which are highly sensitive or which traverse a number of systems.,APPLICABLE,Outside L1/L2 release target; retained for completeness. Requirement applies to the Generic Web Service Security surface; Protocol and proxy boundary behavior needs full negative verification.,backend/main.py; tests/security/test_http_boundary.py,Source review; additional requirement-specific verification required,backend/main.py; tests/security/test_http_boundary.py,PARTIAL,L3 not verified; no L3 claim. Protocol and proxy boundary behavior needs full negative verification.
v5.0.0-4.2.1,2,API and Web Service,HTTP Message Structure Validation,"Verify that all application components (including load balancers, firewalls, and application servers) determine boundaries of incoming HTTP messages using the appropriate mechanism for the HTTP version to prevent HTTP request smuggling. In HTTP/1.x, if a Transfer-Encoding header field is present, the Content-Length header must be ignored per RFC 2616. When using HTTP/2 or HTTP/3, if a Content-Length header field is present, the receiver must ensure that it is consistent with the length of the DATA frames.",APPLICABLE,Requirement applies to the HTTP Message Structure Validation surface; Protocol and proxy boundary behavior needs full negative verification.,backend/main.py; tests/security/test_http_boundary.py,Source review; additional requirement-specific verification required,backend/main.py; tests/security/test_http_boundary.py,PARTIAL,Protocol and proxy boundary behavior needs full negative verification.
v5.0.0-4.2.2,3,API and Web Service,HTTP Message Structure Validation,"Verify that when generating HTTP messages, the Content-Length header field does not conflict with the length of the content as determined by the framing of the HTTP protocol, in order to prevent request smuggling attacks.",APPLICABLE,Outside L1/L2 release target; retained for completeness. Requirement applies to the HTTP Message Structure Validation surface; Protocol and proxy boundary behavior needs full negative verification.,backend/main.py; tests/security/test_http_boundary.py,Source review; additional requirement-specific verification required,backend/main.py; tests/security/test_http_boundary.py,PARTIAL,L3 not verified; no L3 claim. Protocol and proxy boundary behavior needs full negative verification.
v5.0.0-4.2.3,3,API and Web Service,HTTP Message Structure Validation,Verify that the application does not send nor accept HTTP/2 or HTTP/3 messages with connection-specific header fields such as Transfer-Encoding to prevent response splitting and header injection attacks.,APPLICABLE,Outside L1/L2 release target; retained for completeness. Requirement applies to the HTTP Message Structure Validation surface; Protocol and proxy boundary behavior needs full negative verification.,backend/main.py; tests/security/test_http_boundary.py,Source review; additional requirement-specific verification required,backend/main.py; tests/security/test_http_boundary.py,PARTIAL,L3 not verified; no L3 claim. Protocol and proxy boundary behavior needs full negative verification.
v5.0.0-4.2.4,3,API and Web Service,HTTP Message Structure Validation,"Verify that the application only accepts HTTP/2 and HTTP/3 requests where the header fields and values do not contain any CR (\r), LF (\n), or CRLF (\r\n) sequences, to prevent header injection attacks.",APPLICABLE,Outside L1/L2 release target; retained for completeness. Requirement applies to the HTTP Message Structure Validation surface; Protocol and proxy boundary behavior needs full negative verification.,backend/main.py; tests/security/test_http_boundary.py,Source review; additional requirement-specific verification required,backend/main.py; tests/security/test_http_boundary.py,PARTIAL,L3 not verified; no L3 claim. Protocol and proxy boundary behavior needs full negative verification.
v5.0.0-4.2.5,3,API and Web Service,HTTP Message Structure Validation,"Verify that, if the application (backend or frontend) builds and sends requests, it uses validation, sanitization, or other mechanisms to avoid creating URIs (such as for API calls) or HTTP request header fields (such as Authorization or Cookie), which are too long to be accepted by the receiving component. This could cause a denial of service, such as when sending an overly long request (e.g., a long cookie header field), which results in the server always responding with an error status.",APPLICABLE,Outside L1/L2 release target; retained for completeness. Requirement applies to the HTTP Message Structure Validation surface; Protocol and proxy boundary behavior needs full negative verification.,backend/main.py; tests/security/test_http_boundary.py,Source review; additional requirement-specific verification required,backend/main.py; tests/security/test_http_boundary.py,PARTIAL,L3 not verified; no L3 claim. Protocol and proxy boundary behavior needs full negative verification.
v5.0.0-4.3.1,2,API and Web Service,GraphQL,"Verify that a query allowlist, depth limiting, amount limiting, or query cost analysis is used to prevent GraphQL or data layer expression Denial of Service (DoS) as a result of expensive, nested queries.",NOT APPLICABLE,"No GraphQL schema, resolver or endpoint is implemented.",Mechanism absent in reviewed architecture,"Route, dependency and implementation inventory review",backend/main.py; tests/security/test_http_boundary.py,N/A,Reassess if this mechanism is introduced
v5.0.0-4.3.2,2,API and Web Service,GraphQL,Verify that GraphQL introspection queries are disabled in the production environment unless the GraphQL API is meant to be used by other parties.,NOT APPLICABLE,"No GraphQL schema, resolver or endpoint is implemented.",Mechanism absent in reviewed architecture,"Route, dependency and implementation inventory review",backend/main.py; tests/security/test_http_boundary.py,N/A,Reassess if this mechanism is introduced
v5.0.0-4.4.1,1,API and Web Service,WebSocket,Verify that WebSocket over TLS (WSS) is used for all WebSocket connections.,NOT APPLICABLE,No WebSocket routes or clients are implemented.,Mechanism absent in reviewed architecture,"Route, dependency and implementation inventory review",backend/main.py; tests/security/test_http_boundary.py,N/A,Reassess if this mechanism is introduced
v5.0.0-4.4.2,2,API and Web Service,WebSocket,"Verify that, during the initial HTTP WebSocket handshake, the Origin header field is checked against a list of origins allowed for the application.",NOT APPLICABLE,No WebSocket routes or clients are implemented.,Mechanism absent in reviewed architecture,"Route, dependency and implementation inventory review",backend/main.py; tests/security/test_http_boundary.py,N/A,Reassess if this mechanism is introduced
v5.0.0-4.4.3,2,API and Web Service,WebSocket,"Verify that, if the application's standard session management cannot be used, dedicated tokens are being used for this, which comply with the relevant Session Management security requirements.",NOT APPLICABLE,No WebSocket routes or clients are implemented.,Mechanism absent in reviewed architecture,"Route, dependency and implementation inventory review",backend/main.py; tests/security/test_http_boundary.py,N/A,Reassess if this mechanism is introduced
v5.0.0-4.4.4,2,API and Web Service,WebSocket,Verify that dedicated WebSocket session management tokens are initially obtained or validated through the previously authenticated HTTPS session when transitioning an existing HTTPS session to a WebSocket channel.,NOT APPLICABLE,No WebSocket routes or clients are implemented.,Mechanism absent in reviewed architecture,"Route, dependency and implementation inventory review",backend/main.py; tests/security/test_http_boundary.py,N/A,Reassess if this mechanism is introduced
v5.0.0-5.1.1,2,File Handling,File Handling Documentation,"Verify that the documentation defines the permitted file types, expected file extensions, and maximum size (including unpacked size) for each upload feature. Additionally, ensure that the documentation specifies how files are made safe for end-users to download and process, such as how the application behaves when a malicious file is detected.",APPLICABLE,"File types, expansion bounds and safe rejection documented.",docs/security/DATA_PROTECTION.md; backend/document_security.py,Source/document review,docs/security/DATA_PROTECTION.md; backend/document_security.py,PASS,
v5.0.0-5.2.1,1,File Handling,File Upload and Content,Verify that the application will only accept files of a size which it can process without causing a loss of performance or a denial of service attack.,APPLICABLE,Requirement applies to the File Upload and Content surface; Parser bounds exist; archive/type/path combinations need wider adversarial tests.,backend/document_security.py; backend/pdf_worker.py; backend/main.py,Source review; additional requirement-specific verification required,backend/document_security.py; backend/pdf_worker.py; backend/main.py,PARTIAL,Parser bounds exist; archive/type/path combinations need wider adversarial tests.
v5.0.0-5.2.2,1,File Handling,File Upload and Content,"Verify that when the application accepts a file, either on its own or within an archive such as a zip file, it checks if the file extension matches an expected file extension and validates that the contents correspond to the type represented by the extension. This includes, but is not limited to, checking the initial 'magic bytes', performing image re-writing, and using specialized libraries for file content validation. For L1, this can focus just on files which are used to make specific business or security decisions. For L2 and up, this must apply to all files being accepted.",APPLICABLE,Requirement applies to the File Upload and Content surface; Parser bounds exist; archive/type/path combinations need wider adversarial tests.,backend/document_security.py; backend/pdf_worker.py; backend/main.py,Source review; additional requirement-specific verification required,backend/document_security.py; backend/pdf_worker.py; backend/main.py,PARTIAL,Parser bounds exist; archive/type/path combinations need wider adversarial tests.
v5.0.0-5.2.3,2,File Handling,File Upload and Content,"Verify that the application checks compressed files (e.g., zip, gz, docx, odt) against maximum allowed uncompressed size and against maximum number of files before uncompressing the file.",APPLICABLE,Requirement applies to the File Upload and Content surface; Parser bounds exist; archive/type/path combinations need wider adversarial tests.,backend/document_security.py; backend/pdf_worker.py; backend/main.py,Source review; additional requirement-specific verification required,backend/document_security.py; backend/pdf_worker.py; backend/main.py,PARTIAL,Parser bounds exist; archive/type/path combinations need wider adversarial tests.
v5.0.0-5.2.4,3,File Handling,File Upload and Content,"Verify that a file size quota and maximum number of files per user are enforced to ensure that a single user cannot fill up the storage with too many files, or excessively large files.",APPLICABLE,Outside L1/L2 release target; retained for completeness. Requirement applies to the File Upload and Content surface; Parser bounds exist; archive/type/path combinations need wider adversarial tests.,backend/document_security.py; backend/pdf_worker.py; backend/main.py,Source review; additional requirement-specific verification required,backend/document_security.py; backend/pdf_worker.py; backend/main.py,PARTIAL,L3 not verified; no L3 claim. Parser bounds exist; archive/type/path combinations need wider adversarial tests.
v5.0.0-5.2.5,3,File Handling,File Upload and Content,Verify that the application does not allow uploading compressed files containing symlinks unless this is specifically required (in which case it will be necessary to enforce an allowlist of the files that can be symlinked to).,APPLICABLE,Outside L1/L2 release target; retained for completeness. Requirement applies to the File Upload and Content surface; Parser bounds exist; archive/type/path combinations need wider adversarial tests.,backend/document_security.py; backend/pdf_worker.py; backend/main.py,Source review; additional requirement-specific verification required,backend/document_security.py; backend/pdf_worker.py; backend/main.py,PARTIAL,L3 not verified; no L3 claim. Parser bounds exist; archive/type/path combinations need wider adversarial tests.
v5.0.0-5.2.6,3,File Handling,File Upload and Content,"Verify that the application rejects uploaded images with a pixel size larger than the maximum allowed, to prevent pixel flood attacks.",APPLICABLE,Outside L1/L2 release target; retained for completeness. Requirement applies to the File Upload and Content surface; Parser bounds exist; archive/type/path combinations need wider adversarial tests.,backend/document_security.py; backend/pdf_worker.py; backend/main.py,Source review; additional requirement-specific verification required,backend/document_security.py; backend/pdf_worker.py; backend/main.py,PARTIAL,L3 not verified; no L3 claim. Parser bounds exist; archive/type/path combinations need wider adversarial tests.
v5.0.0-5.3.1,1,File Handling,File Storage,"Verify that files uploaded or generated by untrusted input and stored in a public folder, are not executed as server-side program code when accessed directly with an HTTP request.",APPLICABLE,Uploaded content stored in private data directory; static server mounts only frontend/dist.,backend/main.py::file_download; backend/main.py::dist,Source/document review,backend/main.py::file_download; backend/main.py::dist,PASS,
v5.0.0-5.3.2,1,File Handling,File Storage,"Verify that when the application creates file paths for file operations, instead of user-submitted filenames, it uses internally generated or trusted data, or if user-submitted filenames or file metadata must be used, strict validation and sanitization must be applied. This is to protect against path traversal, local or remote file inclusion (LFI, RFI), and server-side request forgery (SSRF) attacks.",APPLICABLE,Requirement applies to the File Storage surface; Parser bounds exist; archive/type/path combinations need wider adversarial tests.,backend/document_security.py; backend/pdf_worker.py; backend/main.py,Source review; additional requirement-specific verification required,backend/document_security.py; backend/pdf_worker.py; backend/main.py,PARTIAL,Parser bounds exist; archive/type/path combinations need wider adversarial tests.
v5.0.0-5.3.3,3,File Handling,File Storage,"Verify that server-side file processing, such as file decompression, ignores user-provided path information to prevent vulnerabilities such as zip slip.",APPLICABLE,Outside L1/L2 release target; retained for completeness. Requirement applies to the File Storage surface; Parser bounds exist; archive/type/path combinations need wider adversarial tests.,backend/document_security.py; backend/pdf_worker.py; backend/main.py,Source review; additional requirement-specific verification required,backend/document_security.py; backend/pdf_worker.py; backend/main.py,PARTIAL,L3 not verified; no L3 claim. Parser bounds exist; archive/type/path combinations need wider adversarial tests.
v5.0.0-5.4.1,2,File Handling,File Download,"Verify that the application validates or ignores user-submitted filenames, including in a JSON, JSONP, or URL parameter and specifies a filename in the Content-Disposition header field in the response.",APPLICABLE,Requirement applies to the File Download surface; Parser bounds exist; archive/type/path combinations need wider adversarial tests.,backend/document_security.py; backend/pdf_worker.py; backend/main.py,Source review; additional requirement-specific verification required,backend/document_security.py; backend/pdf_worker.py; backend/main.py,PARTIAL,Parser bounds exist; archive/type/path combinations need wider adversarial tests.
v5.0.0-5.4.2,2,File Handling,File Download,"Verify that file names served (e.g., in HTTP response header fields or email attachments) are encoded or sanitized (e.g., following RFC 6266) to preserve document structure and prevent injection attacks.",APPLICABLE,Requirement applies to the File Download surface; Parser bounds exist; archive/type/path combinations need wider adversarial tests.,backend/document_security.py; backend/pdf_worker.py; backend/main.py,Source review; additional requirement-specific verification required,backend/document_security.py; backend/pdf_worker.py; backend/main.py,PARTIAL,Parser bounds exist; archive/type/path combinations need wider adversarial tests.
v5.0.0-5.4.3,2,File Handling,File Download,Verify that files obtained from untrusted sources are scanned by antivirus scanners to prevent serving of known malicious content.,APPLICABLE,No antivirus scanner is implemented; resource limits and structural checks are different controls.,backend/document_security.py; backend/pdf_worker.py; backend/main.py,Source review; additional requirement-specific verification required,backend/document_security.py; backend/pdf_worker.py; backend/main.py,FAIL,No antivirus scanner is implemented; resource limits and structural checks are different controls.
v5.0.0-6.1.1,1,Authentication,Authentication Documentation,"Verify that application documentation defines how controls such as rate limiting, anti-automation, and adaptive response, are used to defend against attacks such as credential stuffing and password brute force. The documentation must make clear how these controls are configured and prevent malicious account lockout.",APPLICABLE,"Requirement applies to the Authentication Documentation surface; Optional static bearer secret lacks entropy policy, anti-brute-force and full lifecycle; loopback does not identify an OS user.",backend/main.py; frontend/src/main.tsx,Source review; additional requirement-specific verification required,backend/main.py; frontend/src/main.tsx,PARTIAL,"Optional static bearer secret lacks entropy policy, anti-brute-force and full lifecycle; loopback does not identify an OS user."
v5.0.0-6.1.2,2,Authentication,Authentication Documentation,"Verify that a list of context-specific words is documented in order to prevent their use in passwords. The list could include permutations of organization names, product names, system identifiers, project codenames, department or role names, and similar.",NOT APPLICABLE,No user-selected password policy; optional bearer secret remains a separate gap.,Mechanism absent in reviewed architecture,"Route, dependency and implementation inventory review",backend/main.py; frontend/src/main.tsx,N/A,Reassess if this mechanism is introduced
v5.0.0-6.1.3,2,Authentication,Authentication Documentation,"Verify that, if the application includes multiple authentication pathways, these are all documented together with the security controls and authentication strength which must be consistently enforced across them.",APPLICABLE,"Requirement applies to the Authentication Documentation surface; Optional static bearer secret lacks entropy policy, anti-brute-force and full lifecycle; loopback does not identify an OS user.",backend/main.py; frontend/src/main.tsx,Source review; additional requirement-specific verification required,backend/main.py; frontend/src/main.tsx,PARTIAL,"Optional static bearer secret lacks entropy policy, anti-brute-force and full lifecycle; loopback does not identify an OS user."
v5.0.0-6.2.1,1,Authentication,Password Security,Verify that user set passwords are at least 8 characters in length although a minimum of 15 characters is strongly recommended.,NOT APPLICABLE,"No user passwords, registration, password change or password database. APP_TOKEN is an optional externally supplied API bearer secret, separately assessed under generic authentication.",Mechanism absent in reviewed architecture,"Route, dependency and implementation inventory review",backend/main.py; frontend/src/main.tsx,N/A,Reassess if this mechanism is introduced
v5.0.0-6.2.2,1,Authentication,Password Security,Verify that users can change their password.,NOT APPLICABLE,"No user passwords, registration, password change or password database. APP_TOKEN is an optional externally supplied API bearer secret, separately assessed under generic authentication.",Mechanism absent in reviewed architecture,"Route, dependency and implementation inventory review",backend/main.py; frontend/src/main.tsx,N/A,Reassess if this mechanism is introduced
v5.0.0-6.2.3,1,Authentication,Password Security,Verify that password change functionality requires the user's current and new password.,NOT APPLICABLE,"No user passwords, registration, password change or password database. APP_TOKEN is an optional externally supplied API bearer secret, separately assessed under generic authentication.",Mechanism absent in reviewed architecture,"Route, dependency and implementation inventory review",backend/main.py; frontend/src/main.tsx,N/A,Reassess if this mechanism is introduced
v5.0.0-6.2.4,1,Authentication,Password Security,"Verify that passwords submitted during account registration or password change are checked against an available set of, at least, the top 3000 passwords which match the application's password policy, e.g. minimum length.",NOT APPLICABLE,"No user passwords, registration, password change or password database. APP_TOKEN is an optional externally supplied API bearer secret, separately assessed under generic authentication.",Mechanism absent in reviewed architecture,"Route, dependency and implementation inventory review",backend/main.py; frontend/src/main.tsx,N/A,Reassess if this mechanism is introduced
v5.0.0-6.2.5,1,Authentication,Password Security,"Verify that passwords of any composition can be used, without rules limiting the type of characters permitted. There must be no requirement for a minimum number of upper or lower case characters, numbers, or special characters.",NOT APPLICABLE,"No user passwords, registration, password change or password database. APP_TOKEN is an optional externally supplied API bearer secret, separately assessed under generic authentication.",Mechanism absent in reviewed architecture,"Route, dependency and implementation inventory review",backend/main.py; frontend/src/main.tsx,N/A,Reassess if this mechanism is introduced
v5.0.0-6.2.6,1,Authentication,Password Security,"Verify that password input fields use type=password to mask the entry. Applications may allow the user to temporarily view the entire masked password, or the last typed character of the password.",NOT APPLICABLE,"No user passwords, registration, password change or password database. APP_TOKEN is an optional externally supplied API bearer secret, separately assessed under generic authentication.",Mechanism absent in reviewed architecture,"Route, dependency and implementation inventory review",backend/main.py; frontend/src/main.tsx,N/A,Reassess if this mechanism is introduced
v5.0.0-6.2.7,1,Authentication,Password Security,"Verify that ""paste"" functionality, browser password helpers, and external password managers are permitted.",NOT APPLICABLE,"No user passwords, registration, password change or password database. APP_TOKEN is an optional externally supplied API bearer secret, separately assessed under generic authentication.",Mechanism absent in reviewed architecture,"Route, dependency and implementation inventory review",backend/main.py; frontend/src/main.tsx,N/A,Reassess if this mechanism is introduced
v5.0.0-6.2.8,1,Authentication,Password Security,"Verify that the application verifies the user's password exactly as received from the user, without any modifications such as truncation or case transformation.",NOT APPLICABLE,"No user passwords, registration, password change or password database. APP_TOKEN is an optional externally supplied API bearer secret, separately assessed under generic authentication.",Mechanism absent in reviewed architecture,"Route, dependency and implementation inventory review",backend/main.py; frontend/src/main.tsx,N/A,Reassess if this mechanism is introduced
v5.0.0-6.2.9,2,Authentication,Password Security,Verify that passwords of at least 64 characters are permitted.,NOT APPLICABLE,"No user passwords, registration, password change or password database. APP_TOKEN is an optional externally supplied API bearer secret, separately assessed under generic authentication.",Mechanism absent in reviewed architecture,"Route, dependency and implementation inventory review",backend/main.py; frontend/src/main.tsx,N/A,Reassess if this mechanism is introduced
v5.0.0-6.2.10,2,Authentication,Password Security,Verify that a user's password stays valid until it is discovered to be compromised or the user rotates it. The application must not require periodic credential rotation.,NOT APPLICABLE,"No user passwords, registration, password change or password database. APP_TOKEN is an optional externally supplied API bearer secret, separately assessed under generic authentication.",Mechanism absent in reviewed architecture,"Route, dependency and implementation inventory review",backend/main.py; frontend/src/main.tsx,N/A,Reassess if this mechanism is introduced
v5.0.0-6.2.11,2,Authentication,Password Security,Verify that the documented list of context specific words is used to prevent easy to guess passwords being created.,NOT APPLICABLE,"No user passwords, registration, password change or password database. APP_TOKEN is an optional externally supplied API bearer secret, separately assessed under generic authentication.",Mechanism absent in reviewed architecture,"Route, dependency and implementation inventory review",backend/main.py; frontend/src/main.tsx,N/A,Reassess if this mechanism is introduced
v5.0.0-6.2.12,2,Authentication,Password Security,Verify that passwords submitted during account registration or password changes are checked against a set of breached passwords.,NOT APPLICABLE,"No user passwords, registration, password change or password database. APP_TOKEN is an optional externally supplied API bearer secret, separately assessed under generic authentication.",Mechanism absent in reviewed architecture,"Route, dependency and implementation inventory review",backend/main.py; frontend/src/main.tsx,N/A,Reassess if this mechanism is introduced
v5.0.0-6.3.1,1,Authentication,General Authentication Security,Verify that controls to prevent attacks such as credential stuffing and password brute force are implemented according to the application's security documentation.,APPLICABLE,No bearer-guessing rate limit or brute-force enforcement.,backend/main.py; frontend/src/main.tsx,Source review; additional requirement-specific verification required,backend/main.py; frontend/src/main.tsx,FAIL,No bearer-guessing rate limit or brute-force enforcement.
v5.0.0-6.3.2,1,Authentication,General Authentication Security,"Verify that default user accounts (e.g., ""root"", ""admin"", or ""sa"") are not present in the application or are disabled.",APPLICABLE,No built-in root/admin/service user accounts in application schema.,backend/models.py; backend/main.py,Source/document review,backend/models.py; backend/main.py,PASS,
v5.0.0-6.3.3,2,Authentication,General Authentication Security,"Verify that either a multi-factor authentication mechanism or a combination of single-factor authentication mechanisms, must be used in order to access the application. For L3, one of the factors must be a hardware-based authentication mechanism which provides compromise and impersonation resistance against phishing attacks while verifying the intent to authenticate by requiring a user-initiated action (such as a button press on a FIDO hardware key or a mobile phone). Relaxing any of the considerations in this requirement requires a fully documented rationale and a comprehensive set of mitigating controls.",APPLICABLE,"Requirement applies to the General Authentication Security surface; Optional static bearer secret lacks entropy policy, anti-brute-force and full lifecycle; loopback does not identify an OS user.",backend/main.py; frontend/src/main.tsx,Source review; additional requirement-specific verification required,backend/main.py; frontend/src/main.tsx,PARTIAL,"Optional static bearer secret lacks entropy policy, anti-brute-force and full lifecycle; loopback does not identify an OS user."
v5.0.0-6.3.4,2,Authentication,General Authentication Security,"Verify that, if the application includes multiple authentication pathways, there are no undocumented pathways and that security controls and authentication strength are enforced consistently.",APPLICABLE,"Requirement applies to the General Authentication Security surface; Optional static bearer secret lacks entropy policy, anti-brute-force and full lifecycle; loopback does not identify an OS user.",backend/main.py; frontend/src/main.tsx,Source review; additional requirement-specific verification required,backend/main.py; frontend/src/main.tsx,PARTIAL,"Optional static bearer secret lacks entropy policy, anti-brute-force and full lifecycle; loopback does not identify an OS user."
v5.0.0-6.3.5,3,Authentication,General Authentication Security,"Verify that users are notified of suspicious authentication attempts (successful or unsuccessful). This may include authentication attempts from an unusual location or client, partially successful authentication (only one of multiple factors), an authentication attempt after a long period of inactivity or a successful authentication after several unsuccessful attempts.",APPLICABLE,"Outside L1/L2 release target; retained for completeness. Requirement applies to the General Authentication Security surface; Optional static bearer secret lacks entropy policy, anti-brute-force and full lifecycle; loopback does not identify an OS user.",backend/main.py; frontend/src/main.tsx,Source review; additional requirement-specific verification required,backend/main.py; frontend/src/main.tsx,PARTIAL,"L3 not verified; no L3 claim. Optional static bearer secret lacks entropy policy, anti-brute-force and full lifecycle; loopback does not identify an OS user."
v5.0.0-6.3.6,3,Authentication,General Authentication Security,Verify that email is not used as either a single-factor or multi-factor authentication mechanism.,APPLICABLE,"Outside L1/L2 release target; retained for completeness. Requirement applies to the General Authentication Security surface; Optional static bearer secret lacks entropy policy, anti-brute-force and full lifecycle; loopback does not identify an OS user.",backend/main.py; frontend/src/main.tsx,Source review; additional requirement-specific verification required,backend/main.py; frontend/src/main.tsx,PARTIAL,"L3 not verified; no L3 claim. Optional static bearer secret lacks entropy policy, anti-brute-force and full lifecycle; loopback does not identify an OS user."
v5.0.0-6.3.7,3,Authentication,General Authentication Security,"Verify that users are notified after updates to authentication details, such as credential resets or modification of the username or email address.",APPLICABLE,"Outside L1/L2 release target; retained for completeness. Requirement applies to the General Authentication Security surface; Optional static bearer secret lacks entropy policy, anti-brute-force and full lifecycle; loopback does not identify an OS user.",backend/main.py; frontend/src/main.tsx,Source review; additional requirement-specific verification required,backend/main.py; frontend/src/main.tsx,PARTIAL,"L3 not verified; no L3 claim. Optional static bearer secret lacks entropy policy, anti-brute-force and full lifecycle; loopback does not identify an OS user."
v5.0.0-6.3.8,3,Authentication,General Authentication Security,"Verify that valid users cannot be deduced from failed authentication challenges, such as by basing on error messages, HTTP response codes, or different response times. Registration and forgot password functionality must also have this protection.",APPLICABLE,"Outside L1/L2 release target; retained for completeness. Requirement applies to the General Authentication Security surface; Optional static bearer secret lacks entropy policy, anti-brute-force and full lifecycle; loopback does not identify an OS user.",backend/main.py; frontend/src/main.tsx,Source review; additional requirement-specific verification required,backend/main.py; frontend/src/main.tsx,PARTIAL,"L3 not verified; no L3 claim. Optional static bearer secret lacks entropy policy, anti-brute-force and full lifecycle; loopback does not identify an OS user."
v5.0.0-6.4.1,1,Authentication,Authentication Factor Lifecycle and Recovery,"Verify that system generated initial passwords or activation codes are securely randomly generated, follow the existing password policy, and expire after a short period of time or after they are initially used. These initial secrets must not be permitted to become the long term password.",NOT APPLICABLE,"No account enrollment, initial-password distribution, password hints, recovery or MFA recovery mechanism.",Mechanism absent in reviewed architecture,"Route, dependency and implementation inventory review",backend/main.py; frontend/src/main.tsx,N/A,Reassess if this mechanism is introduced
v5.0.0-6.4.2,1,Authentication,Authentication Factor Lifecycle and Recovery,"Verify that password hints or knowledge-based authentication (so-called ""secret questions"") are not present.",NOT APPLICABLE,"No account enrollment, initial-password distribution, password hints, recovery or MFA recovery mechanism.",Mechanism absent in reviewed architecture,"Route, dependency and implementation inventory review",backend/main.py; frontend/src/main.tsx,N/A,Reassess if this mechanism is introduced
v5.0.0-6.4.3,2,Authentication,Authentication Factor Lifecycle and Recovery,"Verify that a secure process for resetting a forgotten password is implemented, that does not bypass any enabled multi-factor authentication mechanisms.",NOT APPLICABLE,"No account enrollment, initial-password distribution, password hints, recovery or MFA recovery mechanism.",Mechanism absent in reviewed architecture,"Route, dependency and implementation inventory review",backend/main.py; frontend/src/main.tsx,N/A,Reassess if this mechanism is introduced
v5.0.0-6.4.4,2,Authentication,Authentication Factor Lifecycle and Recovery,"Verify that if a multi-factor authentication factor is lost, evidence of identity proofing is performed at the same level as during enrollment.",NOT APPLICABLE,"No account enrollment, initial-password distribution, password hints, recovery or MFA recovery mechanism.",Mechanism absent in reviewed architecture,"Route, dependency and implementation inventory review",backend/main.py; frontend/src/main.tsx,N/A,Reassess if this mechanism is introduced
v5.0.0-6.4.5,3,Authentication,Authentication Factor Lifecycle and Recovery,"Verify that renewal instructions for authentication mechanisms which expire are sent with enough time to be carried out before the old authentication mechanism expires, configuring automated reminders if necessary.",NOT APPLICABLE,"No account enrollment, initial-password distribution, password hints, recovery or MFA recovery mechanism.",Mechanism absent in reviewed architecture,"Route, dependency and implementation inventory review",backend/main.py; frontend/src/main.tsx,N/A,Reassess if this mechanism is introduced
v5.0.0-6.4.6,3,Authentication,Authentication Factor Lifecycle and Recovery,"Verify that administrative users can initiate the password reset process for the user, but that this does not allow them to change or choose the user's password. This prevents a situation where they know the user's password.",NOT APPLICABLE,"No account enrollment, initial-password distribution, password hints, recovery or MFA recovery mechanism.",Mechanism absent in reviewed architecture,"Route, dependency and implementation inventory review",backend/main.py; frontend/src/main.tsx,N/A,Reassess if this mechanism is introduced
v5.0.0-6.5.1,2,Authentication,General Multi-factor authentication requirements,"Verify that lookup secrets, out-of-band authentication requests or codes, and time-based one-time passwords (TOTPs) are only successfully usable once.",NOT APPLICABLE,"No lookup secrets, OTP or TOTP mechanism.",Mechanism absent in reviewed architecture,"Route, dependency and implementation inventory review",backend/main.py; frontend/src/main.tsx,N/A,Reassess if this mechanism is introduced
v5.0.0-6.5.2,2,Authentication,General Multi-factor authentication requirements,"Verify that, when being stored in the application's backend, lookup secrets with less than 112 bits of entropy (19 random alphanumeric characters or 34 random digits) are hashed with an approved password storage hashing algorithm that incorporates a 32-bit random salt. A standard hash function can be used if the secret has 112 bits of entropy or more.",NOT APPLICABLE,"No lookup secrets, OTP or TOTP mechanism.",Mechanism absent in reviewed architecture,"Route, dependency and implementation inventory review",backend/main.py; frontend/src/main.tsx,N/A,Reassess if this mechanism is introduced
v5.0.0-6.5.3,2,Authentication,General Multi-factor authentication requirements,"Verify that lookup secrets, out-of-band authentication code, and time-based one-time password seeds, are generated using a Cryptographically Secure Pseudorandom Number Generator (CSPRNG) to avoid predictable values.",NOT APPLICABLE,"No lookup secrets, OTP or TOTP mechanism.",Mechanism absent in reviewed architecture,"Route, dependency and implementation inventory review",backend/main.py; frontend/src/main.tsx,N/A,Reassess if this mechanism is introduced
v5.0.0-6.5.4,2,Authentication,General Multi-factor authentication requirements,Verify that lookup secrets and out-of-band authentication codes have a minimum of 20 bits of entropy (typically 4 random alphanumeric characters or 6 random digits is sufficient).,NOT APPLICABLE,"No lookup secrets, OTP or TOTP mechanism.",Mechanism absent in reviewed architecture,"Route, dependency and implementation inventory review",backend/main.py; frontend/src/main.tsx,N/A,Reassess if this mechanism is introduced
v5.0.0-6.5.5,2,Authentication,General Multi-factor authentication requirements,"Verify that out-of-band authentication requests, codes, or tokens, as well as time-based one-time passwords (TOTPs) have a defined lifetime. Out of band requests must have a maximum lifetime of 10 minutes and for TOTP a maximum lifetime of 30 seconds.",NOT APPLICABLE,"No lookup secrets, OTP or TOTP mechanism.",Mechanism absent in reviewed architecture,"Route, dependency and implementation inventory review",backend/main.py; frontend/src/main.tsx,N/A,Reassess if this mechanism is introduced
v5.0.0-6.5.6,3,Authentication,General Multi-factor authentication requirements,Verify that any authentication factor (including physical devices) can be revoked in case of theft or other loss.,NOT APPLICABLE,"No lookup secrets, OTP or TOTP mechanism.",Mechanism absent in reviewed architecture,"Route, dependency and implementation inventory review",backend/main.py; frontend/src/main.tsx,N/A,Reassess if this mechanism is introduced
v5.0.0-6.5.7,3,Authentication,General Multi-factor authentication requirements,Verify that biometric authentication mechanisms are only used as secondary factors together with either something you have or something you know.,NOT APPLICABLE,"No lookup secrets, OTP or TOTP mechanism.",Mechanism absent in reviewed architecture,"Route, dependency and implementation inventory review",backend/main.py; frontend/src/main.tsx,N/A,Reassess if this mechanism is introduced
v5.0.0-6.5.8,3,Authentication,General Multi-factor authentication requirements,Verify that time-based one-time passwords (TOTPs) are checked based on a time source from a trusted service and not from an untrusted or client provided time.,NOT APPLICABLE,"No lookup secrets, OTP or TOTP mechanism.",Mechanism absent in reviewed architecture,"Route, dependency and implementation inventory review",backend/main.py; frontend/src/main.tsx,N/A,Reassess if this mechanism is introduced
v5.0.0-6.6.1,2,Authentication,Out-of-Band authentication mechanisms,"Verify that authentication mechanisms using the Public Switched Telephone Network (PSTN) to deliver One-time Passwords (OTPs) via phone or SMS are offered only when the phone number has previously been validated, alternate stronger methods (such as Time based One-time Passwords) are also offered, and the service provides information on their security risks to users. For L3 applications, phone and SMS must not be available as options.",NOT APPLICABLE,No telephone/SMS/out-of-band authentication mechanism.,Mechanism absent in reviewed architecture,"Route, dependency and implementation inventory review",backend/main.py; frontend/src/main.tsx,N/A,Reassess if this mechanism is introduced
v5.0.0-6.6.2,2,Authentication,Out-of-Band authentication mechanisms,"Verify that out-of-band authentication requests, codes, or tokens are bound to the original authentication request for which they were generated and are not usable for a previous or subsequent one.",NOT APPLICABLE,No telephone/SMS/out-of-band authentication mechanism.,Mechanism absent in reviewed architecture,"Route, dependency and implementation inventory review",backend/main.py; frontend/src/main.tsx,N/A,Reassess if this mechanism is introduced
v5.0.0-6.6.3,2,Authentication,Out-of-Band authentication mechanisms,Verify that a code based out-of-band authentication mechanism is protected against brute force attacks by using rate limiting. Consider also using a code with at least 64 bits of entropy.,NOT APPLICABLE,No telephone/SMS/out-of-band authentication mechanism.,Mechanism absent in reviewed architecture,"Route, dependency and implementation inventory review",backend/main.py; frontend/src/main.tsx,N/A,Reassess if this mechanism is introduced
v5.0.0-6.6.4,3,Authentication,Out-of-Band authentication mechanisms,"Verify that, where push notifications are used for multi-factor authentication, rate limiting is used to prevent push bombing attacks. Number matching may also mitigate this risk.",NOT APPLICABLE,No telephone/SMS/out-of-band authentication mechanism.,Mechanism absent in reviewed architecture,"Route, dependency and implementation inventory review",backend/main.py; frontend/src/main.tsx,N/A,Reassess if this mechanism is introduced
v5.0.0-6.7.1,3,Authentication,Cryptographic authentication mechanism,Verify that the certificates used to verify cryptographic authentication assertions are stored in a way protects them from modification.,NOT APPLICABLE,No cryptographic user authenticator or passkey mechanism.,Mechanism absent in reviewed architecture,"Route, dependency and implementation inventory review",backend/main.py; frontend/src/main.tsx,N/A,Reassess if this mechanism is introduced
v5.0.0-6.7.2,3,Authentication,Cryptographic authentication mechanism,"Verify that the challenge nonce is at least 64 bits in length, and statistically unique or unique over the lifetime of the cryptographic device.",NOT APPLICABLE,No cryptographic user authenticator or passkey mechanism.,Mechanism absent in reviewed architecture,"Route, dependency and implementation inventory review",backend/main.py; frontend/src/main.tsx,N/A,Reassess if this mechanism is introduced
v5.0.0-6.8.1,2,Authentication,Authentication with an Identity Provider,"Verify that, if the application supports multiple identity providers (IdPs), the user's identity cannot be spoofed via another supported identity provider (eg. by using the same user identifier). The standard mitigation would be for the application to register and identify the user using a combination of the IdP ID (serving as a namespace) and the user's ID in the IdP.",NOT APPLICABLE,"No identity provider, SAML or federated identity integration.",Mechanism absent in reviewed architecture,"Route, dependency and implementation inventory review",backend/main.py; frontend/src/main.tsx,N/A,Reassess if this mechanism is introduced
v5.0.0-6.8.2,2,Authentication,Authentication with an Identity Provider,"Verify that the presence and integrity of digital signatures on authentication assertions (for example on JWTs or SAML assertions) are always validated, rejecting any assertions that are unsigned or have invalid signatures.",NOT APPLICABLE,"No identity provider, SAML or federated identity integration.",Mechanism absent in reviewed architecture,"Route, dependency and implementation inventory review",backend/main.py; frontend/src/main.tsx,N/A,Reassess if this mechanism is introduced
v5.0.0-6.8.3,2,Authentication,Authentication with an Identity Provider,Verify that SAML assertions are uniquely processed and used only once within the validity period to prevent replay attacks.,NOT APPLICABLE,"No identity provider, SAML or federated identity integration.",Mechanism absent in reviewed architecture,"Route, dependency and implementation inventory review",backend/main.py; frontend/src/main.tsx,N/A,Reassess if this mechanism is introduced
v5.0.0-6.8.4,2,Authentication,Authentication with an Identity Provider,"Verify that, if an application uses a separate Identity Provider (IdP) and expects specific authentication strength, methods, or recentness for specific functions, the application verifies this using the information returned by the IdP. For example, if OIDC is used, this might be achieved by validating ID Token claims such as 'acr', 'amr', and 'auth_time' (if present). If the IdP does not provide this information, the application must have a documented fallback approach that assumes that the minimum strength authentication mechanism was used (for example, single-factor authentication using username and password).",NOT APPLICABLE,"No identity provider, SAML or federated identity integration.",Mechanism absent in reviewed architecture,"Route, dependency and implementation inventory review",backend/main.py; frontend/src/main.tsx,N/A,Reassess if this mechanism is introduced
v5.0.0-7.1.1,2,Session Management,Session Management Documentation,"Verify that the user's session inactivity timeout and absolute maximum session lifetime are documented, are appropriate in combination with other controls, and that the documentation includes justification for any deviations from NIST SP 800-63B re-authentication requirements.",APPLICABLE,Requirement applies to the Session Management Documentation surface; No managed sessions; browser optionally retains a static API bearer token; session-like lifecycle remains unimplemented.,backend/main.py; frontend/src/main.tsx,Source review; additional requirement-specific verification required,backend/main.py; frontend/src/main.tsx,PARTIAL,No managed sessions; browser optionally retains a static API bearer token; session-like lifecycle remains unimplemented.
v5.0.0-7.1.2,2,Session Management,Session Management Documentation,Verify that the documentation defines how many concurrent (parallel) sessions are allowed for one account as well as the intended behaviors and actions to be taken when the maximum number of active sessions is reached.,APPLICABLE,Requirement applies to the Session Management Documentation surface; No managed sessions; browser optionally retains a static API bearer token; session-like lifecycle remains unimplemented.,backend/main.py; frontend/src/main.tsx,Source review; additional requirement-specific verification required,backend/main.py; frontend/src/main.tsx,PARTIAL,No managed sessions; browser optionally retains a static API bearer token; session-like lifecycle remains unimplemented.
v5.0.0-7.1.3,2,Session Management,Session Management Documentation,"Verify that all systems that create and manage user sessions as part of a federated identity management ecosystem (such as SSO systems) are documented along with controls to coordinate session lifetimes, termination, and any other conditions that require re-authentication.",NOT APPLICABLE,No federated identity ecosystem or SSO session creation.,Mechanism absent in reviewed architecture,"Route, dependency and implementation inventory review",backend/main.py; frontend/src/main.tsx,N/A,Reassess if this mechanism is introduced
v5.0.0-7.2.1,1,Session Management,Fundamental Session Management Security,"Verify that the application performs all session token verification using a trusted, backend service.",APPLICABLE,Requirement applies to the Fundamental Session Management Security surface; No managed sessions; browser optionally retains a static API bearer token; session-like lifecycle remains unimplemented.,backend/main.py; frontend/src/main.tsx,Source review; additional requirement-specific verification required,backend/main.py; frontend/src/main.tsx,PARTIAL,No managed sessions; browser optionally retains a static API bearer token; session-like lifecycle remains unimplemented.
v5.0.0-7.2.2,1,Session Management,Fundamental Session Management Security,"Verify that the application uses either self-contained or reference tokens that are dynamically generated for session management, i.e. not using static API secrets and keys.",APPLICABLE,"Optional browser token is static APP_TOKEN, not a dynamically generated session token.",backend/main.py; frontend/src/main.tsx,Source review; additional requirement-specific verification required,backend/main.py; frontend/src/main.tsx,FAIL,"Optional browser token is static APP_TOKEN, not a dynamically generated session token."
v5.0.0-7.2.3,1,Session Management,Fundamental Session Management Security,"Verify that if reference tokens are used to represent user sessions, they are unique and generated using a cryptographically secure pseudo-random number generator (CSPRNG) and possess at least 128 bits of entropy.",APPLICABLE,Requirement applies to the Fundamental Session Management Security surface; No managed sessions; browser optionally retains a static API bearer token; session-like lifecycle remains unimplemented.,backend/main.py; frontend/src/main.tsx,Source review; additional requirement-specific verification required,backend/main.py; frontend/src/main.tsx,PARTIAL,No managed sessions; browser optionally retains a static API bearer token; session-like lifecycle remains unimplemented.
v5.0.0-7.2.4,1,Session Management,Fundamental Session Management Security,"Verify that the application generates a new session token on user authentication, including re-authentication, and terminates the current session token.",APPLICABLE,Requirement applies to the Fundamental Session Management Security surface; No managed sessions; browser optionally retains a static API bearer token; session-like lifecycle remains unimplemented.,backend/main.py; frontend/src/main.tsx,Source review; additional requirement-specific verification required,backend/main.py; frontend/src/main.tsx,PARTIAL,No managed sessions; browser optionally retains a static API bearer token; session-like lifecycle remains unimplemented.
v5.0.0-7.3.1,2,Session Management,Session Timeout,Verify that there is an inactivity timeout such that re-authentication is enforced according to risk analysis and documented security decisions.,APPLICABLE,Requirement applies to the Session Timeout surface; No managed sessions; browser optionally retains a static API bearer token; session-like lifecycle remains unimplemented.,backend/main.py; frontend/src/main.tsx,Source review; additional requirement-specific verification required,backend/main.py; frontend/src/main.tsx,PARTIAL,No managed sessions; browser optionally retains a static API bearer token; session-like lifecycle remains unimplemented.
v5.0.0-7.3.2,2,Session Management,Session Timeout,Verify that there is an absolute maximum session lifetime such that re-authentication is enforced according to risk analysis and documented security decisions.,APPLICABLE,Requirement applies to the Session Timeout surface; No managed sessions; browser optionally retains a static API bearer token; session-like lifecycle remains unimplemented.,backend/main.py; frontend/src/main.tsx,Source review; additional requirement-specific verification required,backend/main.py; frontend/src/main.tsx,PARTIAL,No managed sessions; browser optionally retains a static API bearer token; session-like lifecycle remains unimplemented.
v5.0.0-7.4.1,1,Session Management,Session Termination,"Verify that when session termination is triggered (such as logout or expiration), the application disallows any further use of the session. For reference tokens or stateful sessions, this means invalidating the session data at the application backend. Applications using self-contained tokens will need a solution such as maintaining a list of terminated tokens, disallowing tokens produced before a per-user date and time or rotating a per-user signing key.",APPLICABLE,Requirement applies to the Session Termination surface; No managed sessions; browser optionally retains a static API bearer token; session-like lifecycle remains unimplemented.,backend/main.py; frontend/src/main.tsx,Source review; additional requirement-specific verification required,backend/main.py; frontend/src/main.tsx,PARTIAL,No managed sessions; browser optionally retains a static API bearer token; session-like lifecycle remains unimplemented.
v5.0.0-7.4.2,1,Session Management,Session Termination,Verify that the application terminates all active sessions when a user account is disabled or deleted (such as an employee leaving the company).,APPLICABLE,Requirement applies to the Session Termination surface; No managed sessions; browser optionally retains a static API bearer token; session-like lifecycle remains unimplemented.,backend/main.py; frontend/src/main.tsx,Source review; additional requirement-specific verification required,backend/main.py; frontend/src/main.tsx,PARTIAL,No managed sessions; browser optionally retains a static API bearer token; session-like lifecycle remains unimplemented.
v5.0.0-7.4.3,2,Session Management,Session Termination,"Verify that the application gives the option to terminate all other active sessions after a successful change or removal of any authentication factor (including password change via reset or recovery and, if present, an MFA settings update).",APPLICABLE,Requirement applies to the Session Termination surface; No managed sessions; browser optionally retains a static API bearer token; session-like lifecycle remains unimplemented.,backend/main.py; frontend/src/main.tsx,Source review; additional requirement-specific verification required,backend/main.py; frontend/src/main.tsx,PARTIAL,No managed sessions; browser optionally retains a static API bearer token; session-like lifecycle remains unimplemented.
v5.0.0-7.4.4,2,Session Management,Session Termination,Verify that all pages that require authentication have easy and visible access to logout functionality.,APPLICABLE,Requirement applies to the Session Termination surface; No managed sessions; browser optionally retains a static API bearer token; session-like lifecycle remains unimplemented.,backend/main.py; frontend/src/main.tsx,Source review; additional requirement-specific verification required,backend/main.py; frontend/src/main.tsx,PARTIAL,No managed sessions; browser optionally retains a static API bearer token; session-like lifecycle remains unimplemented.
v5.0.0-7.4.5,2,Session Management,Session Termination,Verify that application administrators are able to terminate active sessions for an individual user or for all users.,APPLICABLE,Requirement applies to the Session Termination surface; No managed sessions; browser optionally retains a static API bearer token; session-like lifecycle remains unimplemented.,backend/main.py; frontend/src/main.tsx,Source review; additional requirement-specific verification required,backend/main.py; frontend/src/main.tsx,PARTIAL,No managed sessions; browser optionally retains a static API bearer token; session-like lifecycle remains unimplemented.
v5.0.0-7.5.1,2,Session Management,Defenses Against Session Abuse,"Verify that the application requires full re-authentication before allowing modifications to sensitive account attributes which may affect authentication such as email address, phone number, MFA configuration, or other information used in account recovery.",APPLICABLE,Requirement applies to the Defenses Against Session Abuse surface; No managed sessions; browser optionally retains a static API bearer token; session-like lifecycle remains unimplemented.,backend/main.py; frontend/src/main.tsx,Source review; additional requirement-specific verification required,backend/main.py; frontend/src/main.tsx,PARTIAL,No managed sessions; browser optionally retains a static API bearer token; session-like lifecycle remains unimplemented.
v5.0.0-7.5.2,2,Session Management,Defenses Against Session Abuse,Verify that users are able to view and (having authenticated again with at least one factor) terminate any or all currently active sessions.,APPLICABLE,Requirement applies to the Defenses Against Session Abuse surface; No managed sessions; browser optionally retains a static API bearer token; session-like lifecycle remains unimplemented.,backend/main.py; frontend/src/main.tsx,Source review; additional requirement-specific verification required,backend/main.py; frontend/src/main.tsx,PARTIAL,No managed sessions; browser optionally retains a static API bearer token; session-like lifecycle remains unimplemented.
v5.0.0-7.5.3,3,Session Management,Defenses Against Session Abuse,Verify that the application requires further authentication with at least one factor or secondary verification before performing highly sensitive transactions or operations.,APPLICABLE,Outside L1/L2 release target; retained for completeness. Requirement applies to the Defenses Against Session Abuse surface; No managed sessions; browser optionally retains a static API bearer token; session-like lifecycle remains unimplemented.,backend/main.py; frontend/src/main.tsx,Source review; additional requirement-specific verification required,backend/main.py; frontend/src/main.tsx,PARTIAL,L3 not verified; no L3 claim. No managed sessions; browser optionally retains a static API bearer token; session-like lifecycle remains unimplemented.
v5.0.0-7.6.1,2,Session Management,Federated Re-authentication,"Verify that session lifetime and termination between Relying Parties (RPs) and Identity Providers (IdPs) behave as documented, requiring re-authentication as necessary such as when the maximum time between IdP authentication events is reached.",NOT APPLICABLE,No relying-party or identity-provider session coordination.,Mechanism absent in reviewed architecture,"Route, dependency and implementation inventory review",backend/main.py; frontend/src/main.tsx,N/A,Reassess if this mechanism is introduced
v5.0.0-7.6.2,2,Session Management,Federated Re-authentication,"Verify that creation of a session requires either the user's consent or an explicit action, preventing the creation of new application sessions without user interaction.",APPLICABLE,Requirement applies to the Federated Re-authentication surface; No managed sessions; browser optionally retains a static API bearer token; session-like lifecycle remains unimplemented.,backend/main.py; frontend/src/main.tsx,Source review; additional requirement-specific verification required,backend/main.py; frontend/src/main.tsx,PARTIAL,No managed sessions; browser optionally retains a static API bearer token; session-like lifecycle remains unimplemented.
v5.0.0-8.1.1,1,Authorization,Authorization Documentation,Verify that authorization documentation defines rules for restricting function-level and data-specific access based on consumer permissions and resource attributes.,APPLICABLE,"Function and workspace access rules documented, including limits of local trust.",docs/security/DATA_PROTECTION.md,Source/document review,docs/security/DATA_PROTECTION.md,PASS,
v5.0.0-8.1.2,2,Authorization,Authorization Documentation,"Verify that authorization documentation defines rules for field-level access restrictions (both read and write) based on consumer permissions and resource attributes. Note that these rules might depend on other attribute values of the relevant data object, such as state or status.",APPLICABLE,Requirement applies to the Authorization Documentation surface; Loopback/Origin and optional bearer guard do not establish per-OS-user identity; field-level review incomplete.,backend/main.py; backend/privacy.py,Source review; additional requirement-specific verification required,backend/main.py; backend/privacy.py,PARTIAL,Loopback/Origin and optional bearer guard do not establish per-OS-user identity; field-level review incomplete.
v5.0.0-8.1.3,3,Authorization,Authorization Documentation,"Verify that the application's documentation defines the environmental and contextual attributes (including but not limited to, time of day, user location, IP address, or device) that are used in the application to make security decisions, including those pertaining to authentication and authorization.",APPLICABLE,Outside L1/L2 release target; retained for completeness. Requirement applies to the Authorization Documentation surface; Loopback/Origin and optional bearer guard do not establish per-OS-user identity; field-level review incomplete.,backend/main.py; backend/privacy.py,Source review; additional requirement-specific verification required,backend/main.py; backend/privacy.py,PARTIAL,L3 not verified; no L3 claim. Loopback/Origin and optional bearer guard do not establish per-OS-user identity; field-level review incomplete.
v5.0.0-8.1.4,3,Authorization,Authorization Documentation,"Verify that authentication and authorization documentation defines how environmental and contextual factors are used in decision-making, in addition to function-level, data-specific, and field-level authorization. This should include the attributes evaluated, thresholds for risk, and actions taken (e.g., allow, challenge, deny, step-up authentication).",APPLICABLE,Outside L1/L2 release target; retained for completeness. Requirement applies to the Authorization Documentation surface; Loopback/Origin and optional bearer guard do not establish per-OS-user identity; field-level review incomplete.,backend/main.py; backend/privacy.py,Source review; additional requirement-specific verification required,backend/main.py; backend/privacy.py,PARTIAL,L3 not verified; no L3 claim. Loopback/Origin and optional bearer guard do not establish per-OS-user identity; field-level review incomplete.
v5.0.0-8.2.1,1,Authorization,General Authorization Design,Verify that the application ensures that function-level access is restricted to consumers with explicit permissions.,APPLICABLE,Requirement applies to the General Authorization Design surface; Loopback/Origin and optional bearer guard do not establish per-OS-user identity; field-level review incomplete.,backend/main.py; backend/privacy.py,Source review; additional requirement-specific verification required,backend/main.py; backend/privacy.py,PARTIAL,Loopback/Origin and optional bearer guard do not establish per-OS-user identity; field-level review incomplete.
v5.0.0-8.2.2,1,Authorization,General Authorization Design,Verify that the application ensures that data-specific access is restricted to consumers with explicit permissions to specific data items to mitigate insecure direct object reference (IDOR) and broken object level authorization (BOLA).,APPLICABLE,Requirement applies to the General Authorization Design surface; Loopback/Origin and optional bearer guard do not establish per-OS-user identity; field-level review incomplete.,backend/main.py; backend/privacy.py,Source review; additional requirement-specific verification required,backend/main.py; backend/privacy.py,PARTIAL,Loopback/Origin and optional bearer guard do not establish per-OS-user identity; field-level review incomplete.
v5.0.0-8.2.3,2,Authorization,General Authorization Design,Verify that the application ensures that field-level access is restricted to consumers with explicit permissions to specific fields to mitigate broken object property level authorization (BOPLA).,APPLICABLE,Requirement applies to the General Authorization Design surface; Loopback/Origin and optional bearer guard do not establish per-OS-user identity; field-level review incomplete.,backend/main.py; backend/privacy.py,Source review; additional requirement-specific verification required,backend/main.py; backend/privacy.py,PARTIAL,Loopback/Origin and optional bearer guard do not establish per-OS-user identity; field-level review incomplete.
v5.0.0-8.2.4,3,Authorization,General Authorization Design,"Verify that adaptive security controls based on a consumer's environmental and contextual attributes (such as time of day, location, IP address, or device) are implemented for authentication and authorization decisions, as defined in the application's documentation. These controls must be applied when the consumer tries to start a new session and also during an existing session.",APPLICABLE,Outside L1/L2 release target; retained for completeness. Requirement applies to the General Authorization Design surface; Loopback/Origin and optional bearer guard do not establish per-OS-user identity; field-level review incomplete.,backend/main.py; backend/privacy.py,Source review; additional requirement-specific verification required,backend/main.py; backend/privacy.py,PARTIAL,L3 not verified; no L3 claim. Loopback/Origin and optional bearer guard do not establish per-OS-user identity; field-level review incomplete.
v5.0.0-8.3.1,1,Authorization,Operation Level Authorization,"Verify that the application enforces authorization rules at a trusted service layer and doesn't rely on controls that an untrusted consumer could manipulate, such as client-side JavaScript.",APPLICABLE,Authorization and demo denial enforced by server middleware.,tests/security/test_release_controls.py::test_demo_only_denies_every_private_route,Source/document review and existing regression (execution status in release evidence),tests/security/test_release_controls.py::test_demo_only_denies_every_private_route,PASS,
v5.0.0-8.3.2,3,Authorization,Operation Level Authorization,"Verify that changes to values on which authorization decisions are made are applied immediately. Where changes cannot be applied immediately, (such as when relying on data in self-contained tokens), there must be mitigating controls to alert when a consumer performs an action when they are no longer authorized to do so and revert the change. Note that this alternative would not mitigate information leakage.",APPLICABLE,Outside L1/L2 release target; retained for completeness. Requirement applies to the Operation Level Authorization surface; Loopback/Origin and optional bearer guard do not establish per-OS-user identity; field-level review incomplete.,backend/main.py; backend/privacy.py,Source review; additional requirement-specific verification required,backend/main.py; backend/privacy.py,PARTIAL,L3 not verified; no L3 claim. Loopback/Origin and optional bearer guard do not establish per-OS-user identity; field-level review incomplete.
v5.0.0-8.3.3,3,Authorization,Operation Level Authorization,"Verify that access to an object is based on the originating subject's (e.g. consumer's) permissions, not on the permissions of any intermediary or service acting on their behalf. For example, if a consumer calls a web service using a self-contained token for authentication, and the service then requests data from a different service, the second service will use the consumer's token, rather than a machine-to-machine token from the first service, to make permission decisions.",APPLICABLE,Outside L1/L2 release target; retained for completeness. Requirement applies to the Operation Level Authorization surface; Loopback/Origin and optional bearer guard do not establish per-OS-user identity; field-level review incomplete.,backend/main.py; backend/privacy.py,Source review; additional requirement-specific verification required,backend/main.py; backend/privacy.py,PARTIAL,L3 not verified; no L3 claim. Loopback/Origin and optional bearer guard do not establish per-OS-user identity; field-level review incomplete.
v5.0.0-8.4.1,2,Authorization,Other Authorization Considerations,Verify that multi-tenant applications use cross-tenant controls to ensure consumer operations will never affect tenants with which they do not have permissions to interact.,NOT APPLICABLE,One local workspace; no tenants or cross-tenant operations.,Mechanism absent in reviewed architecture,"Route, dependency and implementation inventory review",backend/main.py; backend/privacy.py,N/A,Reassess if this mechanism is introduced
v5.0.0-8.4.2,3,Authorization,Other Authorization Considerations,"Verify that access to administrative interfaces incorporates multiple layers of security, including continuous consumer identity verification, device security posture assessment, and contextual risk analysis, ensuring that network location or trusted endpoints are not the sole factors for authorization even though they may reduce the likelihood of unauthorized access.",APPLICABLE,Outside L1/L2 release target; retained for completeness. Requirement applies to the Other Authorization Considerations surface; Loopback/Origin and optional bearer guard do not establish per-OS-user identity; field-level review incomplete.,backend/main.py; backend/privacy.py,Source review; additional requirement-specific verification required,backend/main.py; backend/privacy.py,PARTIAL,L3 not verified; no L3 claim. Loopback/Origin and optional bearer guard do not establish per-OS-user identity; field-level review incomplete.
v5.0.0-9.1.1,1,Self-contained Tokens,Token source and integrity,Verify that self-contained tokens are validated using their digital signature or MAC to protect against tampering before accepting the token's contents.,NOT APPLICABLE,"No self-contained tokens or JWT/JWS parsing; APP_TOKEN is an opaque string, not a claims-bearing token.",Mechanism absent in reviewed architecture,"Route, dependency and implementation inventory review",backend/main.py,N/A,Reassess if this mechanism is introduced
v5.0.0-9.1.2,1,Self-contained Tokens,Token source and integrity,"Verify that only algorithms on an allowlist can be used to create and verify self-contained tokens, for a given context. The allowlist must include the permitted algorithms, ideally only either symmetric or asymmetric algorithms, and must not include the 'None' algorithm. If both symmetric and asymmetric must be supported, additional controls will be needed to prevent key confusion.",NOT APPLICABLE,"No self-contained tokens or JWT/JWS parsing; APP_TOKEN is an opaque string, not a claims-bearing token.",Mechanism absent in reviewed architecture,"Route, dependency and implementation inventory review",backend/main.py,N/A,Reassess if this mechanism is introduced
v5.0.0-9.1.3,1,Self-contained Tokens,Token source and integrity,"Verify that key material that is used to validate self-contained tokens is from trusted pre-configured sources for the token issuer, preventing attackers from specifying untrusted sources and keys. For JWTs and other JWS structures, headers such as 'jku', 'x5u', and 'jwk' must be validated against an allowlist of trusted sources.",NOT APPLICABLE,"No self-contained tokens or JWT/JWS parsing; APP_TOKEN is an opaque string, not a claims-bearing token.",Mechanism absent in reviewed architecture,"Route, dependency and implementation inventory review",backend/main.py,N/A,Reassess if this mechanism is introduced
v5.0.0-9.2.1,1,Self-contained Tokens,Token content,"Verify that, if a validity time span is present in the token data, the token and its content are accepted only if the verification time is within this validity time span. For example, for JWTs, the claims 'nbf' and 'exp' must be verified.",NOT APPLICABLE,"No self-contained claims-bearing tokens; opaque APP_TOKEN does not carry audience, issuer or validity claims.",Mechanism absent in reviewed architecture,"Route, dependency and implementation inventory review",backend/main.py,N/A,Reassess if this mechanism is introduced
v5.0.0-9.2.2,2,Self-contained Tokens,Token content,"Verify that the service receiving a token validates the token to be the correct type and is meant for the intended purpose before accepting the token's contents. For example, only access tokens can be accepted for authorization decisions and only ID Tokens can be used for proving user authentication.",NOT APPLICABLE,"No self-contained claims-bearing tokens; opaque APP_TOKEN does not carry audience, issuer or validity claims.",Mechanism absent in reviewed architecture,"Route, dependency and implementation inventory review",backend/main.py,N/A,Reassess if this mechanism is introduced
v5.0.0-9.2.3,2,Self-contained Tokens,Token content,"Verify that the service only accepts tokens which are intended for use with that service (audience). For JWTs, this can be achieved by validating the 'aud' claim against an allowlist defined in the service.",NOT APPLICABLE,"No self-contained claims-bearing tokens; opaque APP_TOKEN does not carry audience, issuer or validity claims.",Mechanism absent in reviewed architecture,"Route, dependency and implementation inventory review",backend/main.py,N/A,Reassess if this mechanism is introduced
v5.0.0-9.2.4,2,Self-contained Tokens,Token content,"Verify that, if a token issuer uses the same private key for issuing tokens to different audiences, the issued tokens contain an audience restriction that uniquely identifies the intended audiences. This will prevent a token from being reused with an unintended audience. If the audience identifier is dynamically provisioned, the token issuer must validate these audiences in order to make sure that they do not result in audience impersonation.",NOT APPLICABLE,"No self-contained claims-bearing tokens; opaque APP_TOKEN does not carry audience, issuer or validity claims.",Mechanism absent in reviewed architecture,"Route, dependency and implementation inventory review",backend/main.py,N/A,Reassess if this mechanism is introduced
v5.0.0-10.1.1,2,OAuth and OIDC,Generic OAuth and OIDC Security,"Verify that tokens are only sent to components that strictly need them. For example, when using a backend-for-frontend pattern for browser-based JavaScript applications, access and refresh tokens shall only be accessible for the backend.",NOT APPLICABLE,"No OAuth/OIDC client, resource server or authorization-server protocol.",Mechanism absent in reviewed architecture,"Route, dependency and implementation inventory review",backend/main.py; backend/providers.py,N/A,Reassess if this mechanism is introduced
v5.0.0-10.1.2,2,OAuth and OIDC,Generic OAuth and OIDC Security,"Verify that the client only accepts values from the authorization server (such as the authorization code or ID Token) if these values result from an authorization flow that was initiated by the same user agent session and transaction. This requires that client-generated secrets, such as the proof key for code exchange (PKCE) 'code_verifier', 'state' or OIDC 'nonce', are not guessable, are specific to the transaction, and are securely bound to both the client and the user agent session in which the transaction was started.",NOT APPLICABLE,"No OAuth/OIDC client, resource server or authorization-server protocol.",Mechanism absent in reviewed architecture,"Route, dependency and implementation inventory review",backend/main.py; backend/providers.py,N/A,Reassess if this mechanism is introduced
v5.0.0-10.2.1,2,OAuth and OIDC,OAuth Client,"Verify that, if the code flow is used, the OAuth client has protection against browser-based request forgery attacks, commonly known as cross-site request forgery (CSRF), which trigger token requests, either by using proof key for code exchange (PKCE) functionality or checking the 'state' parameter that was sent in the authorization request.",NOT APPLICABLE,No OAuth client or authorization-code flow.,Mechanism absent in reviewed architecture,"Route, dependency and implementation inventory review",backend/main.py; backend/providers.py,N/A,Reassess if this mechanism is introduced
v5.0.0-10.2.2,2,OAuth and OIDC,OAuth Client,"Verify that, if the OAuth client can interact with more than one authorization server, it has a defense against mix-up attacks. For example, it could require that the authorization server return the 'iss' parameter value and validate it in the authorization response and the token response.",NOT APPLICABLE,No OAuth client or authorization-code flow.,Mechanism absent in reviewed architecture,"Route, dependency and implementation inventory review",backend/main.py; backend/providers.py,N/A,Reassess if this mechanism is introduced
v5.0.0-10.2.3,3,OAuth and OIDC,OAuth Client,Verify that the OAuth client only requests the required scopes (or other authorization parameters) in requests to the authorization server.,NOT APPLICABLE,No OAuth client or authorization-code flow.,Mechanism absent in reviewed architecture,"Route, dependency and implementation inventory review",backend/main.py; backend/providers.py,N/A,Reassess if this mechanism is introduced
v5.0.0-10.3.1,2,OAuth and OIDC,OAuth Resource Server,"Verify that the resource server only accepts access tokens that are intended for use with that service (audience). The audience may be included in a structured access token (such as the 'aud' claim in JWT), or it can be checked using the token introspection endpoint.",NOT APPLICABLE,No OAuth resource server or delegated authorization claims.,Mechanism absent in reviewed architecture,"Route, dependency and implementation inventory review",backend/main.py; backend/providers.py,N/A,Reassess if this mechanism is introduced
v5.0.0-10.3.2,2,OAuth and OIDC,OAuth Resource Server,"Verify that the resource server enforces authorization decisions based on claims from the access token that define delegated authorization. If claims such as 'sub', 'scope', and 'authorization_details' are present, they must be part of the decision.",NOT APPLICABLE,No OAuth resource server or delegated authorization claims.,Mechanism absent in reviewed architecture,"Route, dependency and implementation inventory review",backend/main.py; backend/providers.py,N/A,Reassess if this mechanism is introduced
v5.0.0-10.3.3,2,OAuth and OIDC,OAuth Resource Server,"Verify that if an access control decision requires identifying a unique user from an access token (JWT or related token introspection response), the resource server identifies the user from claims that cannot be reassigned to other users. Typically, it means using a combination of 'iss' and 'sub' claims.",NOT APPLICABLE,No OAuth resource server or delegated authorization claims.,Mechanism absent in reviewed architecture,"Route, dependency and implementation inventory review",backend/main.py; backend/providers.py,N/A,Reassess if this mechanism is introduced
v5.0.0-10.3.4,2,OAuth and OIDC,OAuth Resource Server,"Verify that, if the resource server requires specific authentication strength, methods, or recentness, it verifies that the presented access token satisfies these constraints. For example, if present, using the OIDC 'acr', 'amr' and 'auth_time' claims respectively.",NOT APPLICABLE,No OAuth resource server or delegated authorization claims.,Mechanism absent in reviewed architecture,"Route, dependency and implementation inventory review",backend/main.py; backend/providers.py,N/A,Reassess if this mechanism is introduced
v5.0.0-10.3.5,3,OAuth and OIDC,OAuth Resource Server,"Verify that the resource server prevents the use of stolen access tokens or replay of access tokens (from unauthorized parties) by requiring sender-constrained access tokens, either Mutual TLS for OAuth 2 or OAuth 2 Demonstration of Proof of Possession (DPoP).",NOT APPLICABLE,No OAuth resource server or delegated authorization claims.,Mechanism absent in reviewed architecture,"Route, dependency and implementation inventory review",backend/main.py; backend/providers.py,N/A,Reassess if this mechanism is introduced
v5.0.0-10.4.1,1,OAuth and OIDC,OAuth Authorization Server,Verify that the authorization server validates redirect URIs based on a client-specific allowlist of pre-registered URIs using exact string comparison.,NOT APPLICABLE,"No OAuth authorization server, token grants or refresh tokens.",Mechanism absent in reviewed architecture,"Route, dependency and implementation inventory review",backend/main.py; backend/providers.py,N/A,Reassess if this mechanism is introduced
v5.0.0-10.4.2,1,OAuth and OIDC,OAuth Authorization Server,"Verify that, if the authorization server returns the authorization code in the authorization response, it can be used only once for a token request. For the second valid request with an authorization code that has already been used to issue an access token, the authorization server must reject a token request and revoke any issued tokens related to the authorization code.",NOT APPLICABLE,"No OAuth authorization server, token grants or refresh tokens.",Mechanism absent in reviewed architecture,"Route, dependency and implementation inventory review",backend/main.py; backend/providers.py,N/A,Reassess if this mechanism is introduced
v5.0.0-10.4.3,1,OAuth and OIDC,OAuth Authorization Server,Verify that the authorization code is short-lived. The maximum lifetime can be up to 10 minutes for L1 and L2 applications and up to 1 minute for L3 applications.,NOT APPLICABLE,"No OAuth authorization server, token grants or refresh tokens.",Mechanism absent in reviewed architecture,"Route, dependency and implementation inventory review",backend/main.py; backend/providers.py,N/A,Reassess if this mechanism is introduced
v5.0.0-10.4.4,1,OAuth and OIDC,OAuth Authorization Server,"Verify that for a given client, the authorization server only allows the usage of grants that this client needs to use. Note that the grants 'token' (Implicit flow) and 'password' (Resource Owner Password Credentials flow) must no longer be used.",NOT APPLICABLE,"No OAuth authorization server, token grants or refresh tokens.",Mechanism absent in reviewed architecture,"Route, dependency and implementation inventory review",backend/main.py; backend/providers.py,N/A,Reassess if this mechanism is introduced
v5.0.0-10.4.5,1,OAuth and OIDC,OAuth Authorization Server,"Verify that the authorization server mitigates refresh token replay attacks for public clients, preferably using sender-constrained refresh tokens, i.e., Demonstrating Proof of Possession (DPoP) or Certificate-Bound Access Tokens using mutual TLS (mTLS). For L1 and L2 applications, refresh token rotation may be used. If refresh token rotation is used, the authorization server must invalidate the refresh token after usage, and revoke all refresh tokens for that authorization if an already used and invalidated refresh token is provided.",NOT APPLICABLE,"No OAuth authorization server, token grants or refresh tokens.",Mechanism absent in reviewed architecture,"Route, dependency and implementation inventory review",backend/main.py; backend/providers.py,N/A,Reassess if this mechanism is introduced
v5.0.0-10.4.6,2,OAuth and OIDC,OAuth Authorization Server,"Verify that, if the code grant is used, the authorization server mitigates authorization code interception attacks by requiring proof key for code exchange (PKCE). For authorization requests, the authorization server must require a valid 'code_challenge' value and must not accept a 'code_challenge_method' value of 'plain'. For a token request, it must require validation of the 'code_verifier' parameter.",NOT APPLICABLE,"No OAuth authorization server, token grants or refresh tokens.",Mechanism absent in reviewed architecture,"Route, dependency and implementation inventory review",backend/main.py; backend/providers.py,N/A,Reassess if this mechanism is introduced
v5.0.0-10.4.7,2,OAuth and OIDC,OAuth Authorization Server,"Verify that if the authorization server supports unauthenticated dynamic client registration, it mitigates the risk of malicious client applications. It must validate client metadata such as any registered URIs, ensure the user's consent, and warn the user before processing an authorization request with an untrusted client application.",NOT APPLICABLE,"No OAuth authorization server, token grants or refresh tokens.",Mechanism absent in reviewed architecture,"Route, dependency and implementation inventory review",backend/main.py; backend/providers.py,N/A,Reassess if this mechanism is introduced
v5.0.0-10.4.8,2,OAuth and OIDC,OAuth Authorization Server,"Verify that refresh tokens have an absolute expiration, including if sliding refresh token expiration is applied.",NOT APPLICABLE,"No OAuth authorization server, token grants or refresh tokens.",Mechanism absent in reviewed architecture,"Route, dependency and implementation inventory review",backend/main.py; backend/providers.py,N/A,Reassess if this mechanism is introduced
v5.0.0-10.4.9,2,OAuth and OIDC,OAuth Authorization Server,"Verify that refresh tokens and reference access tokens can be revoked by an authorized user using the authorization server user interface, to mitigate the risk of malicious clients or stolen tokens.",NOT APPLICABLE,"No OAuth authorization server, token grants or refresh tokens.",Mechanism absent in reviewed architecture,"Route, dependency and implementation inventory review",backend/main.py; backend/providers.py,N/A,Reassess if this mechanism is introduced
v5.0.0-10.4.10,2,OAuth and OIDC,OAuth Authorization Server,"Verify that confidential client is authenticated for client-to-authorized server backchannel requests such as token requests, pushed authorization requests (PAR), and token revocation requests.",NOT APPLICABLE,"No OAuth authorization server, token grants or refresh tokens.",Mechanism absent in reviewed architecture,"Route, dependency and implementation inventory review",backend/main.py; backend/providers.py,N/A,Reassess if this mechanism is introduced
v5.0.0-10.4.11,2,OAuth and OIDC,OAuth Authorization Server,Verify that the authorization server configuration only assigns the required scopes to the OAuth client.,NOT APPLICABLE,"No OAuth authorization server, token grants or refresh tokens.",Mechanism absent in reviewed architecture,"Route, dependency and implementation inventory review",backend/main.py; backend/providers.py,N/A,Reassess if this mechanism is introduced
v5.0.0-10.4.12,3,OAuth and OIDC,OAuth Authorization Server,"Verify that for a given client, the authorization server only allows the 'response_mode' value that this client needs to use. For example, by having the authorization server validate this value against the expected values or by using pushed authorization request (PAR) or JWT-secured Authorization Request (JAR).",NOT APPLICABLE,"No OAuth authorization server, token grants or refresh tokens.",Mechanism absent in reviewed architecture,"Route, dependency and implementation inventory review",backend/main.py; backend/providers.py,N/A,Reassess if this mechanism is introduced
v5.0.0-10.4.13,3,OAuth and OIDC,OAuth Authorization Server,Verify that grant type 'code' is always used together with pushed authorization requests (PAR).,NOT APPLICABLE,"No OAuth authorization server, token grants or refresh tokens.",Mechanism absent in reviewed architecture,"Route, dependency and implementation inventory review",backend/main.py; backend/providers.py,N/A,Reassess if this mechanism is introduced
v5.0.0-10.4.14,3,OAuth and OIDC,OAuth Authorization Server,"Verify that the authorization server issues only sender-constrained (Proof-of-Possession) access tokens, either with certificate-bound access tokens using mutual TLS (mTLS) or DPoP-bound access tokens (Demonstration of Proof of Possession).",NOT APPLICABLE,"No OAuth authorization server, token grants or refresh tokens.",Mechanism absent in reviewed architecture,"Route, dependency and implementation inventory review",backend/main.py; backend/providers.py,N/A,Reassess if this mechanism is introduced
v5.0.0-10.4.15,3,OAuth and OIDC,OAuth Authorization Server,"Verify that, for a server-side client (which is not executed on the end-user device), the authorization server ensures that the 'authorization_details' parameter value is from the client backend and that the user has not tampered with it. For example, by requiring the usage of pushed authorization request (PAR) or JWT-secured Authorization Request (JAR).",NOT APPLICABLE,"No OAuth authorization server, token grants or refresh tokens.",Mechanism absent in reviewed architecture,"Route, dependency and implementation inventory review",backend/main.py; backend/providers.py,N/A,Reassess if this mechanism is introduced
v5.0.0-10.4.16,3,OAuth and OIDC,OAuth Authorization Server,"Verify that the client is confidential and the authorization server requires the use of strong client authentication methods (based on public-key cryptography and resistant to replay attacks), such as mutual TLS ('tls_client_auth', 'self_signed_tls_client_auth') or private key JWT ('private_key_jwt').",NOT APPLICABLE,"No OAuth authorization server, token grants or refresh tokens.",Mechanism absent in reviewed architecture,"Route, dependency and implementation inventory review",backend/main.py; backend/providers.py,N/A,Reassess if this mechanism is introduced
v5.0.0-10.5.1,2,OAuth and OIDC,OIDC Client,"Verify that the client (as the relying party) mitigates ID Token replay attacks. For example, by ensuring that the 'nonce' claim in the ID Token matches the 'nonce' value sent in the authentication request to the OpenID Provider (in OAuth2 refereed to as the authorization request sent to the authorization server).",NOT APPLICABLE,No OIDC relying party or ID token/logout token handling.,Mechanism absent in reviewed architecture,"Route, dependency and implementation inventory review",backend/main.py; backend/providers.py,N/A,Reassess if this mechanism is introduced
v5.0.0-10.5.2,2,OAuth and OIDC,OIDC Client,"Verify that the client uniquely identifies the user from ID Token claims, usually the 'sub' claim, which cannot be reassigned to other users (for the scope of an identity provider).",NOT APPLICABLE,No OIDC relying party or ID token/logout token handling.,Mechanism absent in reviewed architecture,"Route, dependency and implementation inventory review",backend/main.py; backend/providers.py,N/A,Reassess if this mechanism is introduced
v5.0.0-10.5.3,2,OAuth and OIDC,OIDC Client,Verify that the client rejects attempts by a malicious authorization server to impersonate another authorization server through authorization server metadata. The client must reject authorization server metadata if the issuer URL in the authorization server metadata does not exactly match the pre-configured issuer URL expected by the client.,NOT APPLICABLE,No OIDC relying party or ID token/logout token handling.,Mechanism absent in reviewed architecture,"Route, dependency and implementation inventory review",backend/main.py; backend/providers.py,N/A,Reassess if this mechanism is introduced
v5.0.0-10.5.4,2,OAuth and OIDC,OIDC Client,Verify that the client validates that the ID Token is intended to be used for that client (audience) by checking that the 'aud' claim from the token is equal to the 'client_id' value for the client.,NOT APPLICABLE,No OIDC relying party or ID token/logout token handling.,Mechanism absent in reviewed architecture,"Route, dependency and implementation inventory review",backend/main.py; backend/providers.py,N/A,Reassess if this mechanism is introduced
v5.0.0-10.5.5,2,OAuth and OIDC,OIDC Client,"Verify that, when using OIDC back-channel logout, the relying party mitigates denial of service through forced logout and cross-JWT confusion in the logout flow. The client must verify that the logout token is correctly typed with a value of 'logout+jwt', contains the 'event' claim with the correct member name, and does not contain a 'nonce' claim. Note that it is also recommended to have a short expiration (e.g., 2 minutes).",NOT APPLICABLE,No OIDC relying party or ID token/logout token handling.,Mechanism absent in reviewed architecture,"Route, dependency and implementation inventory review",backend/main.py; backend/providers.py,N/A,Reassess if this mechanism is introduced
v5.0.0-10.6.1,2,OAuth and OIDC,OpenID Provider,"Verify that the OpenID Provider only allows values 'code', 'ciba', 'id_token', or 'id_token code' for response mode. Note that 'code' is preferred over 'id_token code' (the OIDC Hybrid flow), and 'token' (any Implicit flow) must not be used.",NOT APPLICABLE,No OpenID Provider implementation.,Mechanism absent in reviewed architecture,"Route, dependency and implementation inventory review",backend/main.py; backend/providers.py,N/A,Reassess if this mechanism is introduced
v5.0.0-10.6.2,2,OAuth and OIDC,OpenID Provider,"Verify that the OpenID Provider mitigates denial of service through forced logout. By obtaining explicit confirmation from the end-user or, if present, validating parameters in the logout request (initiated by the relying party), such as the 'id_token_hint'.",NOT APPLICABLE,No OpenID Provider implementation.,Mechanism absent in reviewed architecture,"Route, dependency and implementation inventory review",backend/main.py; backend/providers.py,N/A,Reassess if this mechanism is introduced
v5.0.0-10.7.1,2,OAuth and OIDC,Consent Management,"Verify that the authorization server ensures that the user consents to each authorization request. If the identity of the client cannot be assured, the authorization server must always explicitly prompt the user for consent.",NOT APPLICABLE,No OAuth authorization consent flows; AI data-sharing approval is a different mechanism.,Mechanism absent in reviewed architecture,"Route, dependency and implementation inventory review",backend/main.py; backend/providers.py,N/A,Reassess if this mechanism is introduced
v5.0.0-10.7.2,2,OAuth and OIDC,Consent Management,"Verify that when the authorization server prompts for user consent, it presents sufficient and clear information about what is being consented to. When applicable, this should include the nature of the requested authorizations (typically based on scope, resource server, Rich Authorization Requests (RAR) authorization details), the identity of the authorized application, and the lifetime of these authorizations.",NOT APPLICABLE,No OAuth authorization consent flows; AI data-sharing approval is a different mechanism.,Mechanism absent in reviewed architecture,"Route, dependency and implementation inventory review",backend/main.py; backend/providers.py,N/A,Reassess if this mechanism is introduced
v5.0.0-10.7.3,2,OAuth and OIDC,Consent Management,"Verify that the user can review, modify, and revoke consents which the user has granted through the authorization server.",NOT APPLICABLE,No OAuth authorization consent flows; AI data-sharing approval is a different mechanism.,Mechanism absent in reviewed architecture,"Route, dependency and implementation inventory review",backend/main.py; backend/providers.py,N/A,Reassess if this mechanism is introduced
v5.0.0-11.1.1,2,Cryptography,Cryptographic Inventory and Documentation,"Verify that there is a documented policy for management of cryptographic keys and a cryptographic key lifecycle that follows a key management standard such as NIST SP 800-57. This should include ensuring that keys are not overshared (for example, with more than two entities for shared secrets and more than one entity for private keys).",APPLICABLE,Requirement applies to the Cryptographic Inventory and Documentation surface; OS keyring/stdlib cryptography used; complete primitive/configuration inventory not verified.,backend/privacy.py; backend/ai_usage.py; scripts/build_release.py,Source review; additional requirement-specific verification required,backend/privacy.py; backend/ai_usage.py; scripts/build_release.py,PARTIAL,OS keyring/stdlib cryptography used; complete primitive/configuration inventory not verified.
v5.0.0-11.1.2,2,Cryptography,Cryptographic Inventory and Documentation,"Verify that a cryptographic inventory is performed, maintained, regularly updated, and includes all cryptographic keys, algorithms, and certificates used by the application. It must also document where keys can and cannot be used in the system, and the types of data that can and cannot be protected using the keys.",APPLICABLE,Requirement applies to the Cryptographic Inventory and Documentation surface; OS keyring/stdlib cryptography used; complete primitive/configuration inventory not verified.,backend/privacy.py; backend/ai_usage.py; scripts/build_release.py,Source review; additional requirement-specific verification required,backend/privacy.py; backend/ai_usage.py; scripts/build_release.py,PARTIAL,OS keyring/stdlib cryptography used; complete primitive/configuration inventory not verified.
v5.0.0-11.1.3,3,Cryptography,Cryptographic Inventory and Documentation,"Verify that cryptographic discovery mechanisms are employed to identify all instances of cryptography in the system, including encryption, hashing, and signing operations.",APPLICABLE,Outside L1/L2 release target; retained for completeness. Requirement applies to the Cryptographic Inventory and Documentation surface; OS keyring/stdlib cryptography used; complete primitive/configuration inventory not verified.,backend/privacy.py; backend/ai_usage.py; scripts/build_release.py,Source review; additional requirement-specific verification required,backend/privacy.py; backend/ai_usage.py; scripts/build_release.py,PARTIAL,L3 not verified; no L3 claim. OS keyring/stdlib cryptography used; complete primitive/configuration inventory not verified.
v5.0.0-11.1.4,3,Cryptography,Cryptographic Inventory and Documentation,"Verify that a cryptographic inventory is maintained. This must include a documented plan that outlines the migration path to new cryptographic standards, such as post-quantum cryptography, in order to react to future threats.",APPLICABLE,Outside L1/L2 release target; retained for completeness. Requirement applies to the Cryptographic Inventory and Documentation surface; OS keyring/stdlib cryptography used; complete primitive/configuration inventory not verified.,backend/privacy.py; backend/ai_usage.py; scripts/build_release.py,Source review; additional requirement-specific verification required,backend/privacy.py; backend/ai_usage.py; scripts/build_release.py,PARTIAL,L3 not verified; no L3 claim. OS keyring/stdlib cryptography used; complete primitive/configuration inventory not verified.
v5.0.0-11.2.1,2,Cryptography,Secure Cryptography Implementation,Verify that industry-validated implementations (including libraries and hardware-accelerated implementations) are used for cryptographic operations.,APPLICABLE,Requirement applies to the Secure Cryptography Implementation surface; OS keyring/stdlib cryptography used; complete primitive/configuration inventory not verified.,backend/privacy.py; backend/ai_usage.py; scripts/build_release.py,Source review; additional requirement-specific verification required,backend/privacy.py; backend/ai_usage.py; scripts/build_release.py,PARTIAL,OS keyring/stdlib cryptography used; complete primitive/configuration inventory not verified.
v5.0.0-11.2.2,2,Cryptography,Secure Cryptography Implementation,"Verify that the application is designed with crypto agility such that random number, authenticated encryption, MAC, or hashing algorithms, key lengths, rounds, ciphers and modes can be reconfigured, upgraded, or swapped at any time, to protect against cryptographic breaks. Similarly, it must also be possible to replace keys and passwords and re-encrypt data. This will allow for seamless upgrades to post-quantum cryptography (PQC), once high-assurance implementations of approved PQC schemes or standards are widely available.",APPLICABLE,Requirement applies to the Secure Cryptography Implementation surface; OS keyring/stdlib cryptography used; complete primitive/configuration inventory not verified.,backend/privacy.py; backend/ai_usage.py; scripts/build_release.py,Source review; additional requirement-specific verification required,backend/privacy.py; backend/ai_usage.py; scripts/build_release.py,PARTIAL,OS keyring/stdlib cryptography used; complete primitive/configuration inventory not verified.
v5.0.0-11.2.3,2,Cryptography,Secure Cryptography Implementation,"Verify that all cryptographic primitives utilize a minimum of 128-bits of security based on the algorithm, key size, and configuration. For example, a 256-bit ECC key provides roughly 128 bits of security where RSA requires a 3072-bit key to achieve 128 bits of security.",APPLICABLE,Requirement applies to the Secure Cryptography Implementation surface; OS keyring/stdlib cryptography used; complete primitive/configuration inventory not verified.,backend/privacy.py; backend/ai_usage.py; scripts/build_release.py,Source review; additional requirement-specific verification required,backend/privacy.py; backend/ai_usage.py; scripts/build_release.py,PARTIAL,OS keyring/stdlib cryptography used; complete primitive/configuration inventory not verified.
v5.0.0-11.2.4,3,Cryptography,Secure Cryptography Implementation,"Verify that all cryptographic operations are constant-time, with no 'short-circuit' operations in comparisons, calculations, or returns, to avoid leaking information.",APPLICABLE,Outside L1/L2 release target; retained for completeness. Requirement applies to the Secure Cryptography Implementation surface; OS keyring/stdlib cryptography used; complete primitive/configuration inventory not verified.,backend/privacy.py; backend/ai_usage.py; scripts/build_release.py,Source review; additional requirement-specific verification required,backend/privacy.py; backend/ai_usage.py; scripts/build_release.py,PARTIAL,L3 not verified; no L3 claim. OS keyring/stdlib cryptography used; complete primitive/configuration inventory not verified.
v5.0.0-11.2.5,3,Cryptography,Secure Cryptography Implementation,"Verify that all cryptographic modules fail securely, and errors are handled in a way that does not enable vulnerabilities, such as Padding Oracle attacks.",APPLICABLE,Outside L1/L2 release target; retained for completeness. Requirement applies to the Secure Cryptography Implementation surface; OS keyring/stdlib cryptography used; complete primitive/configuration inventory not verified.,backend/privacy.py; backend/ai_usage.py; scripts/build_release.py,Source review; additional requirement-specific verification required,backend/privacy.py; backend/ai_usage.py; scripts/build_release.py,PARTIAL,L3 not verified; no L3 claim. OS keyring/stdlib cryptography used; complete primitive/configuration inventory not verified.
v5.0.0-11.3.1,1,Cryptography,Encryption Algorithms,"Verify that insecure block modes (e.g., ECB) and weak padding schemes (e.g., PKCS#1 v1.5) are not used.",APPLICABLE,Requirement applies to the Encryption Algorithms surface; OS keyring/stdlib cryptography used; complete primitive/configuration inventory not verified.,backend/privacy.py; backend/ai_usage.py; scripts/build_release.py,Source review; additional requirement-specific verification required,backend/privacy.py; backend/ai_usage.py; scripts/build_release.py,PARTIAL,OS keyring/stdlib cryptography used; complete primitive/configuration inventory not verified.
v5.0.0-11.3.2,1,Cryptography,Encryption Algorithms,Verify that only approved ciphers and modes such as AES with GCM are used.,APPLICABLE,Requirement applies to the Encryption Algorithms surface; OS keyring/stdlib cryptography used; complete primitive/configuration inventory not verified.,backend/privacy.py; backend/ai_usage.py; scripts/build_release.py,Source review; additional requirement-specific verification required,backend/privacy.py; backend/ai_usage.py; scripts/build_release.py,PARTIAL,OS keyring/stdlib cryptography used; complete primitive/configuration inventory not verified.
v5.0.0-11.3.3,2,Cryptography,Encryption Algorithms,Verify that encrypted data is protected against unauthorized modification preferably by using an approved authenticated encryption method or by combining an approved encryption method with an approved MAC algorithm.,APPLICABLE,Requirement applies to the Encryption Algorithms surface; OS keyring/stdlib cryptography used; complete primitive/configuration inventory not verified.,backend/privacy.py; backend/ai_usage.py; scripts/build_release.py,Source review; additional requirement-specific verification required,backend/privacy.py; backend/ai_usage.py; scripts/build_release.py,PARTIAL,OS keyring/stdlib cryptography used; complete primitive/configuration inventory not verified.
v5.0.0-11.3.4,3,Cryptography,Encryption Algorithms,"Verify that nonces, initialization vectors, and other single-use numbers are not used for more than one encryption key and data-element pair. The method of generation must be appropriate for the algorithm being used.",APPLICABLE,Outside L1/L2 release target; retained for completeness. Requirement applies to the Encryption Algorithms surface; OS keyring/stdlib cryptography used; complete primitive/configuration inventory not verified.,backend/privacy.py; backend/ai_usage.py; scripts/build_release.py,Source review; additional requirement-specific verification required,backend/privacy.py; backend/ai_usage.py; scripts/build_release.py,PARTIAL,L3 not verified; no L3 claim. OS keyring/stdlib cryptography used; complete primitive/configuration inventory not verified.
v5.0.0-11.3.5,3,Cryptography,Encryption Algorithms,Verify that any combination of an encryption algorithm and a MAC algorithm is operating in encrypt-then-MAC mode.,APPLICABLE,Outside L1/L2 release target; retained for completeness. Requirement applies to the Encryption Algorithms surface; OS keyring/stdlib cryptography used; complete primitive/configuration inventory not verified.,backend/privacy.py; backend/ai_usage.py; scripts/build_release.py,Source review; additional requirement-specific verification required,backend/privacy.py; backend/ai_usage.py; scripts/build_release.py,PARTIAL,L3 not verified; no L3 claim. OS keyring/stdlib cryptography used; complete primitive/configuration inventory not verified.
v5.0.0-11.4.1,1,Cryptography,Hashing and Hash-based Functions,"Verify that only approved hash functions are used for general cryptographic use cases, including digital signatures, HMAC, KDF, and random bit generation. Disallowed hash functions, such as MD5, must not be used for any cryptographic purpose.",APPLICABLE,"Reviewed security hashes use SHA-256; no MD5/SHA-1 for application security decisions. npm legacy hash metadata is inventory, not a chosen cryptographic primitive.",backend/ai_usage.py; scripts/build_release.py; scripts/publication_gate.py,Source/document review,backend/ai_usage.py; scripts/build_release.py; scripts/publication_gate.py,PASS,
v5.0.0-11.4.2,2,Cryptography,Hashing and Hash-based Functions,"Verify that passwords are stored using an approved, computationally intensive, key derivation function (also known as a ""password hashing function""), with parameter settings configured based on current guidance. The settings should balance security and performance to make brute-force attacks sufficiently challenging for the required level of security.",NOT APPLICABLE,No stored user passwords or password hashes.,Mechanism absent in reviewed architecture,"Route, dependency and implementation inventory review",backend/privacy.py; backend/ai_usage.py; scripts/build_release.py,N/A,Reassess if this mechanism is introduced
v5.0.0-11.4.3,2,Cryptography,Hashing and Hash-based Functions,"Verify that hash functions used in digital signatures, as part of data authentication or data integrity are collision resistant and have appropriate bit-lengths. If collision resistance is required, the output length must be at least 256 bits. If only resistance to second pre-image attacks is required, the output length must be at least 128 bits.",APPLICABLE,Release manifest uses SHA-256 (256-bit collision-resistant digest).,scripts/build_release.py,Source/document review,scripts/build_release.py,PASS,
v5.0.0-11.4.4,2,Cryptography,Hashing and Hash-based Functions,Verify that the application uses approved key derivation functions with key stretching parameters when deriving secret keys from passwords. The parameters in use must balance security and performance to prevent brute-force attacks from compromising the resulting cryptographic key.,NOT APPLICABLE,No derivation of secret keys from passwords.,Mechanism absent in reviewed architecture,"Route, dependency and implementation inventory review",backend/privacy.py; backend/ai_usage.py; scripts/build_release.py,N/A,Reassess if this mechanism is introduced
v5.0.0-11.5.1,2,Cryptography,Random Values,Verify that all random numbers and strings which are intended to be non-guessable must be generated using a cryptographically secure pseudo-random number generator (CSPRNG) and have at least 128 bits of entropy. Note that UUIDs do not respect this condition.,APPLICABLE,Requirement applies to the Random Values surface; OS keyring/stdlib cryptography used; complete primitive/configuration inventory not verified.,backend/privacy.py; backend/ai_usage.py; scripts/build_release.py,Source review; additional requirement-specific verification required,backend/privacy.py; backend/ai_usage.py; scripts/build_release.py,PARTIAL,OS keyring/stdlib cryptography used; complete primitive/configuration inventory not verified.
v5.0.0-11.5.2,3,Cryptography,Random Values,"Verify that the random number generation mechanism in use is designed to work securely, even under heavy demand.",APPLICABLE,Outside L1/L2 release target; retained for completeness. Requirement applies to the Random Values surface; OS keyring/stdlib cryptography used; complete primitive/configuration inventory not verified.,backend/privacy.py; backend/ai_usage.py; scripts/build_release.py,Source review; additional requirement-specific verification required,backend/privacy.py; backend/ai_usage.py; scripts/build_release.py,PARTIAL,L3 not verified; no L3 claim. OS keyring/stdlib cryptography used; complete primitive/configuration inventory not verified.
v5.0.0-11.6.1,2,Cryptography,Public Key Cryptography,"Verify that only approved cryptographic algorithms and modes of operation are used for key generation and seeding, and digital signature generation and verification. Key generation algorithms must not generate insecure keys vulnerable to known attacks, for example, RSA keys which are vulnerable to Fermat factorization.",APPLICABLE,Requirement applies to the Public Key Cryptography surface; OS keyring/stdlib cryptography used; complete primitive/configuration inventory not verified.,backend/privacy.py; backend/ai_usage.py; scripts/build_release.py,Source review; additional requirement-specific verification required,backend/privacy.py; backend/ai_usage.py; scripts/build_release.py,PARTIAL,OS keyring/stdlib cryptography used; complete primitive/configuration inventory not verified.
v5.0.0-11.6.2,3,Cryptography,Public Key Cryptography,Verify that approved cryptographic algorithms are used for key exchange (such as Diffie-Hellman) with a focus on ensuring that key exchange mechanisms use secure parameters. This will prevent attacks on the key establishment process which could lead to adversary-in-the-middle attacks or cryptographic breaks.,APPLICABLE,Outside L1/L2 release target; retained for completeness. Requirement applies to the Public Key Cryptography surface; OS keyring/stdlib cryptography used; complete primitive/configuration inventory not verified.,backend/privacy.py; backend/ai_usage.py; scripts/build_release.py,Source review; additional requirement-specific verification required,backend/privacy.py; backend/ai_usage.py; scripts/build_release.py,PARTIAL,L3 not verified; no L3 claim. OS keyring/stdlib cryptography used; complete primitive/configuration inventory not verified.
v5.0.0-11.7.1,3,Cryptography,In-Use Data Cryptography,"Verify that full memory encryption is in use that protects sensitive data while it is in use, preventing access by unauthorized users or processes.",APPLICABLE,Outside L1/L2 release target; retained for completeness. Requirement applies to the In-Use Data Cryptography surface; OS keyring/stdlib cryptography used; complete primitive/configuration inventory not verified.,backend/privacy.py; backend/ai_usage.py; scripts/build_release.py,Source review; additional requirement-specific verification required,backend/privacy.py; backend/ai_usage.py; scripts/build_release.py,PARTIAL,L3 not verified; no L3 claim. OS keyring/stdlib cryptography used; complete primitive/configuration inventory not verified.
v5.0.0-11.7.2,3,Cryptography,In-Use Data Cryptography,"Verify that data minimization ensures the minimal amount of data is exposed during processing, and ensure that data is encrypted immediately after use or as soon as feasible.",APPLICABLE,Outside L1/L2 release target; retained for completeness. Requirement applies to the In-Use Data Cryptography surface; OS keyring/stdlib cryptography used; complete primitive/configuration inventory not verified.,backend/privacy.py; backend/ai_usage.py; scripts/build_release.py,Source review; additional requirement-specific verification required,backend/privacy.py; backend/ai_usage.py; scripts/build_release.py,PARTIAL,L3 not verified; no L3 claim. OS keyring/stdlib cryptography used; complete primitive/configuration inventory not verified.
v5.0.0-12.1.1,1,Secure Communication,General TLS Security Guidance,"Verify that only the latest recommended versions of the TLS protocol are enabled, such as TLS 1.2 and TLS 1.3. The latest version of the TLS protocol must be the preferred option.",APPLICABLE,Requirement applies to the General TLS Security Guidance surface; Public HTTP allowed in generic validator; numeric loopback traffic unencrypted; transport claim must remain scoped.,backend/policy.py; backend/adapters.py; backend/providers.py,Source review; additional requirement-specific verification required,backend/policy.py; backend/adapters.py; backend/providers.py,PARTIAL,Public HTTP allowed in generic validator; numeric loopback traffic unencrypted; transport claim must remain scoped.
v5.0.0-12.1.2,2,Secure Communication,General TLS Security Guidance,"Verify that only recommended cipher suites are enabled, with the strongest cipher suites set as preferred. L3 applications must only support cipher suites which provide forward secrecy.",APPLICABLE,Requirement applies to the General TLS Security Guidance surface; Public HTTP allowed in generic validator; numeric loopback traffic unencrypted; transport claim must remain scoped.,backend/policy.py; backend/adapters.py; backend/providers.py,Source review; additional requirement-specific verification required,backend/policy.py; backend/adapters.py; backend/providers.py,PARTIAL,Public HTTP allowed in generic validator; numeric loopback traffic unencrypted; transport claim must remain scoped.
v5.0.0-12.1.3,2,Secure Communication,General TLS Security Guidance,Verify that the application validates that mTLS client certificates are trusted before using the certificate identity for authentication or authorization.,NOT APPLICABLE,No mTLS client-certificate authentication.,Mechanism absent in reviewed architecture,"Route, dependency and implementation inventory review",backend/policy.py; backend/adapters.py; backend/providers.py,N/A,Reassess if this mechanism is introduced
v5.0.0-12.1.4,3,Secure Communication,General TLS Security Guidance,"Verify that proper certification revocation, such as Online Certificate Status Protocol (OCSP) Stapling, is enabled and configured.",APPLICABLE,Outside L1/L2 release target; retained for completeness. Requirement applies to the General TLS Security Guidance surface; Public HTTP allowed in generic validator; numeric loopback traffic unencrypted; transport claim must remain scoped.,backend/policy.py; backend/adapters.py; backend/providers.py,Source review; additional requirement-specific verification required,backend/policy.py; backend/adapters.py; backend/providers.py,PARTIAL,L3 not verified; no L3 claim. Public HTTP allowed in generic validator; numeric loopback traffic unencrypted; transport claim must remain scoped.
v5.0.0-12.1.5,3,Secure Communication,General TLS Security Guidance,"Verify that Encrypted Client Hello (ECH) is enabled in the application's TLS settings to prevent exposure of sensitive metadata, such as the Server Name Indication (SNI), during TLS handshake processes.",APPLICABLE,Outside L1/L2 release target; retained for completeness. Requirement applies to the General TLS Security Guidance surface; Public HTTP allowed in generic validator; numeric loopback traffic unencrypted; transport claim must remain scoped.,backend/policy.py; backend/adapters.py; backend/providers.py,Source review; additional requirement-specific verification required,backend/policy.py; backend/adapters.py; backend/providers.py,PARTIAL,L3 not verified; no L3 claim. Public HTTP allowed in generic validator; numeric loopback traffic unencrypted; transport claim must remain scoped.
v5.0.0-12.2.1,1,Secure Communication,HTTPS Communication with External Facing Services,"Verify that TLS is used for all connectivity between a client and external facing, HTTP-based services, and does not fall back to insecure or unencrypted communications.",APPLICABLE,Requirement applies to the HTTPS Communication with External Facing Services surface; Public HTTP allowed in generic validator; numeric loopback traffic unencrypted; transport claim must remain scoped.,backend/policy.py; backend/adapters.py; backend/providers.py,Source review; additional requirement-specific verification required,backend/policy.py; backend/adapters.py; backend/providers.py,PARTIAL,Public HTTP allowed in generic validator; numeric loopback traffic unencrypted; transport claim must remain scoped.
v5.0.0-12.2.2,1,Secure Communication,HTTPS Communication with External Facing Services,Verify that external facing services use publicly trusted TLS certificates.,NOT APPLICABLE,No externally facing server/certificate in supported loopback-only deployment; outbound certificate validation assessed separately.,Mechanism absent in reviewed architecture,"Route, dependency and implementation inventory review",backend/policy.py; backend/adapters.py; backend/providers.py,N/A,Reassess if this mechanism is introduced
v5.0.0-12.3.1,2,Secure Communication,General Service to Service Communication Security,"Verify that an encrypted protocol such as TLS is used for all inbound and outbound connections to and from the application, including monitoring systems, management tools, remote access and SSH, middleware, databases, mainframes, partner systems, or external APIs. The server must not fall back to insecure or unencrypted protocols.",APPLICABLE,Requirement applies to the General Service to Service Communication Security surface; Public HTTP allowed in generic validator; numeric loopback traffic unencrypted; transport claim must remain scoped.,backend/policy.py; backend/adapters.py; backend/providers.py,Source review; additional requirement-specific verification required,backend/policy.py; backend/adapters.py; backend/providers.py,PARTIAL,Public HTTP allowed in generic validator; numeric loopback traffic unencrypted; transport claim must remain scoped.
v5.0.0-12.3.2,2,Secure Communication,General Service to Service Communication Security,Verify that TLS clients validate certificates received before communicating with a TLS server.,APPLICABLE,Requirement applies to the General Service to Service Communication Security surface; Public HTTP allowed in generic validator; numeric loopback traffic unencrypted; transport claim must remain scoped.,backend/policy.py; backend/adapters.py; backend/providers.py,Source review; additional requirement-specific verification required,backend/policy.py; backend/adapters.py; backend/providers.py,PARTIAL,Public HTTP allowed in generic validator; numeric loopback traffic unencrypted; transport claim must remain scoped.
v5.0.0-12.3.3,2,Secure Communication,General Service to Service Communication Security,"Verify that TLS or another appropriate transport encryption mechanism used for all connectivity between internal, HTTP-based services within the application, and does not fall back to insecure or unencrypted communications.",APPLICABLE,Requirement applies to the General Service to Service Communication Security surface; Public HTTP allowed in generic validator; numeric loopback traffic unencrypted; transport claim must remain scoped.,backend/policy.py; backend/adapters.py; backend/providers.py,Source review; additional requirement-specific verification required,backend/policy.py; backend/adapters.py; backend/providers.py,PARTIAL,Public HTTP allowed in generic validator; numeric loopback traffic unencrypted; transport claim must remain scoped.
v5.0.0-12.3.4,2,Secure Communication,General Service to Service Communication Security,"Verify that TLS connections between internal services use trusted certificates. Where internally generated or self-signed certificates are used, the consuming service must be configured to only trust specific internal CAs and specific self-signed certificates.",NOT APPLICABLE,No internal TLS service or internal CA; SQLite is a local file and optional Ollama is numeric loopback HTTP.,Mechanism absent in reviewed architecture,"Route, dependency and implementation inventory review",backend/policy.py; backend/adapters.py; backend/providers.py,N/A,Reassess if this mechanism is introduced
v5.0.0-12.3.5,3,Secure Communication,General Service to Service Communication Security,"Verify that services communicating internally within a system (intra-service communications) use strong authentication to ensure that each endpoint is verified. Strong authentication methods, such as TLS client authentication, must be employed to ensure identity, using public-key infrastructure and mechanisms that are resistant to replay attacks. For microservice architectures, consider using a service mesh to simplify certificate management and enhance security.",APPLICABLE,Outside L1/L2 release target; retained for completeness. Requirement applies to the General Service to Service Communication Security surface; Public HTTP allowed in generic validator; numeric loopback traffic unencrypted; transport claim must remain scoped.,backend/policy.py; backend/adapters.py; backend/providers.py,Source review; additional requirement-specific verification required,backend/policy.py; backend/adapters.py; backend/providers.py,PARTIAL,L3 not verified; no L3 claim. Public HTTP allowed in generic validator; numeric loopback traffic unencrypted; transport claim must remain scoped.
v5.0.0-13.1.1,2,Configuration,Configuration Documentation,Verify that all communication needs for the application are documented. This must include external services which the application relies upon and cases where an end user might be able to provide an external location to which the application will then connect.,APPLICABLE,Network dependencies and destination selection documented.,docs/security/ARCHITECTURE_INVENTORY.md; docs/security/THREAT_MODEL.md,Source/document review,docs/security/ARCHITECTURE_INVENTORY.md; docs/security/THREAT_MODEL.md,PASS,
v5.0.0-13.1.2,3,Configuration,Configuration Documentation,"Verify that for each service the application uses, the documentation defines the maximum number of concurrent connections (e.g., connection pool limits) and how the application behaves when that limit is reached, including any fallback or recovery mechanisms, to prevent denial of service conditions.",APPLICABLE,Outside L1/L2 release target; retained for completeness. Requirement applies to the Configuration Documentation surface; Configuration hardening and complete resource allowlists need review.,backend/main.py; backend/privacy.py; scripts/build_release.py,Source review; additional requirement-specific verification required,backend/main.py; backend/privacy.py; scripts/build_release.py,PARTIAL,L3 not verified; no L3 claim. Configuration hardening and complete resource allowlists need review.
v5.0.0-13.1.3,3,Configuration,Configuration Documentation,"Verify that the application documentation defines resource‑management strategies for every external system or service it uses (e.g., databases, file handles, threads, HTTP connections). This should include resource‑release procedures, timeout settings, failure handling, and where retry logic is implemented, specifying retry limits, delays, and back‑off algorithms. For synchronous HTTP request–response operations it should mandate short timeouts and either disable retries or strictly limit retries to prevent cascading delays and resource exhaustion.",APPLICABLE,Outside L1/L2 release target; retained for completeness. Requirement applies to the Configuration Documentation surface; Configuration hardening and complete resource allowlists need review.,backend/main.py; backend/privacy.py; scripts/build_release.py,Source review; additional requirement-specific verification required,backend/main.py; backend/privacy.py; scripts/build_release.py,PARTIAL,L3 not verified; no L3 claim. Configuration hardening and complete resource allowlists need review.
v5.0.0-13.1.4,3,Configuration,Configuration Documentation,"Verify that the application's documentation defines the secrets that are critical for the security of the application and a schedule for rotating them, based on the organization's threat model and business requirements.",APPLICABLE,Outside L1/L2 release target; retained for completeness. Requirement applies to the Configuration Documentation surface; Configuration hardening and complete resource allowlists need review.,backend/main.py; backend/privacy.py; scripts/build_release.py,Source review; additional requirement-specific verification required,backend/main.py; backend/privacy.py; scripts/build_release.py,PARTIAL,L3 not verified; no L3 claim. Configuration hardening and complete resource allowlists need review.
v5.0.0-13.2.1,2,Configuration,Backend Communication Configuration,"Verify that communications between backend application components that don't support the application's standard user session mechanism, including APIs, middleware, and data layers, are authenticated. Authentication must use individual service accounts, short-term tokens, or certificate-based authentication and not unchanging credentials such as passwords, API keys, or shared accounts with privileged access.",APPLICABLE,Requirement applies to the Backend Communication Configuration surface; Configuration hardening and complete resource allowlists need review.,backend/main.py; backend/privacy.py; scripts/build_release.py,Source review; additional requirement-specific verification required,backend/main.py; backend/privacy.py; scripts/build_release.py,PARTIAL,Configuration hardening and complete resource allowlists need review.
v5.0.0-13.2.2,2,Configuration,Backend Communication Configuration,"Verify that communications between backend application components, including local or operating system services, APIs, middleware, and data layers, are performed with accounts assigned the least necessary privileges.",APPLICABLE,Requirement applies to the Backend Communication Configuration surface; Configuration hardening and complete resource allowlists need review.,backend/main.py; backend/privacy.py; scripts/build_release.py,Source review; additional requirement-specific verification required,backend/main.py; backend/privacy.py; scripts/build_release.py,PARTIAL,Configuration hardening and complete resource allowlists need review.
v5.0.0-13.2.3,2,Configuration,Backend Communication Configuration,"Verify that if a credential has to be used for service authentication, the credential being used by the consumer is not a default credential (e.g., root/root or admin/admin).",APPLICABLE,Requirement applies to the Backend Communication Configuration surface; Configuration hardening and complete resource allowlists need review.,backend/main.py; backend/privacy.py; scripts/build_release.py,Source review; additional requirement-specific verification required,backend/main.py; backend/privacy.py; scripts/build_release.py,PARTIAL,Configuration hardening and complete resource allowlists need review.
v5.0.0-13.2.4,2,Configuration,Backend Communication Configuration,"Verify that an allowlist is used to define the external resources or systems with which the application is permitted to communicate (e.g., for outbound requests, data loads, or file access). This allowlist can be implemented at the application layer, web server, firewall, or a combination of different layers.",APPLICABLE,Requirement applies to the Backend Communication Configuration surface; Configuration hardening and complete resource allowlists need review.,backend/main.py; backend/privacy.py; scripts/build_release.py,Source review; additional requirement-specific verification required,backend/main.py; backend/privacy.py; scripts/build_release.py,PARTIAL,Configuration hardening and complete resource allowlists need review.
v5.0.0-13.2.5,2,Configuration,Backend Communication Configuration,Verify that the web or application server is configured with an allowlist of resources or systems to which the server can send requests or load data or files from.,APPLICABLE,Requirement applies to the Backend Communication Configuration surface; Configuration hardening and complete resource allowlists need review.,backend/main.py; backend/privacy.py; scripts/build_release.py,Source review; additional requirement-specific verification required,backend/main.py; backend/privacy.py; scripts/build_release.py,PARTIAL,Configuration hardening and complete resource allowlists need review.
v5.0.0-13.2.6,3,Configuration,Backend Communication Configuration,"Verify that where the application connects to separate services, it follows the documented configuration for each connection, such as maximum parallel connections, behavior when maximum allowed connections is reached, connection timeouts, and retry strategies.",APPLICABLE,Outside L1/L2 release target; retained for completeness. Requirement applies to the Backend Communication Configuration surface; Configuration hardening and complete resource allowlists need review.,backend/main.py; backend/privacy.py; scripts/build_release.py,Source review; additional requirement-specific verification required,backend/main.py; backend/privacy.py; scripts/build_release.py,PARTIAL,L3 not verified; no L3 claim. Configuration hardening and complete resource allowlists need review.
v5.0.0-13.3.1,2,Configuration,Secret Management,"Verify that a secrets management solution, such as a key vault, is used to securely create, store, control access to, and destroy backend secrets. These could include passwords, key material, integrations with databases and third-party systems, keys and seeds for time-based tokens, other internal secrets, and API keys. Secrets must not be included in application source code or included in build artifacts. For an L3 application, this must involve a hardware-backed solution such as an HSM.",APPLICABLE,"OpenAI credential uses native keyring, fail-closed with no plaintext fallback.",backend/privacy.py; tests/security/test_controls.py::test_credential_backend_fails_closed,Source/document review and existing regression (execution status in release evidence),backend/privacy.py; tests/security/test_controls.py::test_credential_backend_fails_closed,PASS,
v5.0.0-13.3.2,2,Configuration,Secret Management,Verify that access to secret assets adheres to the principle of least privilege.,APPLICABLE,Requirement applies to the Secret Management surface; Configuration hardening and complete resource allowlists need review.,backend/main.py; backend/privacy.py; scripts/build_release.py,Source review; additional requirement-specific verification required,backend/main.py; backend/privacy.py; scripts/build_release.py,PARTIAL,Configuration hardening and complete resource allowlists need review.
v5.0.0-13.3.3,3,Configuration,Secret Management,Verify that all cryptographic operations are performed using an isolated security module (such as a vault or hardware security module) to securely manage and protect key material from exposure outside of the security module.,APPLICABLE,Outside L1/L2 release target; retained for completeness. Requirement applies to the Secret Management surface; Configuration hardening and complete resource allowlists need review.,backend/main.py; backend/privacy.py; scripts/build_release.py,Source review; additional requirement-specific verification required,backend/main.py; backend/privacy.py; scripts/build_release.py,PARTIAL,L3 not verified; no L3 claim. Configuration hardening and complete resource allowlists need review.
v5.0.0-13.3.4,3,Configuration,Secret Management,Verify that secrets are configured to expire and be rotated based on the application's documentation.,APPLICABLE,Outside L1/L2 release target; retained for completeness. Requirement applies to the Secret Management surface; Configuration hardening and complete resource allowlists need review.,backend/main.py; backend/privacy.py; scripts/build_release.py,Source review; additional requirement-specific verification required,backend/main.py; backend/privacy.py; scripts/build_release.py,PARTIAL,L3 not verified; no L3 claim. Configuration hardening and complete resource allowlists need review.
v5.0.0-13.4.1,1,Configuration,Unintended Information Leakage,"Verify that the application is deployed either without any source control metadata, including the .git or .svn folders, or in a way that these folders are inaccessible both externally and to the application itself.",APPLICABLE,Requirement applies to the Unintended Information Leakage surface; Configuration hardening and complete resource allowlists need review.,backend/main.py; backend/privacy.py; scripts/build_release.py,Source review; additional requirement-specific verification required,backend/main.py; backend/privacy.py; scripts/build_release.py,PARTIAL,Configuration hardening and complete resource allowlists need review.
v5.0.0-13.4.2,2,Configuration,Unintended Information Leakage,Verify that debug modes are disabled for all components in production environments to prevent exposure of debugging features and information leakage.,APPLICABLE,Requirement applies to the Unintended Information Leakage surface; Configuration hardening and complete resource allowlists need review.,backend/main.py; backend/privacy.py; scripts/build_release.py,Source review; additional requirement-specific verification required,backend/main.py; backend/privacy.py; scripts/build_release.py,PARTIAL,Configuration hardening and complete resource allowlists need review.
v5.0.0-13.4.3,2,Configuration,Unintended Information Leakage,Verify that web servers do not expose directory listings to clients unless explicitly intended.,APPLICABLE,StaticFiles disables directory listings; download endpoint restricts existing allowed file types.,backend/main.py,Source/document review,backend/main.py,PASS,
v5.0.0-13.4.4,2,Configuration,Unintended Information Leakage,"Verify that using the HTTP TRACE method is not supported in production environments, to avoid potential information leakage.",APPLICABLE,Requirement applies to the Unintended Information Leakage surface; Configuration hardening and complete resource allowlists need review.,backend/main.py; backend/privacy.py; scripts/build_release.py,Source review; additional requirement-specific verification required,backend/main.py; backend/privacy.py; scripts/build_release.py,PARTIAL,Configuration hardening and complete resource allowlists need review.
v5.0.0-13.4.5,2,Configuration,Unintended Information Leakage,Verify that documentation (such as for internal APIs) and monitoring endpoints are not exposed unless explicitly intended.,APPLICABLE,Requirement applies to the Unintended Information Leakage surface; Configuration hardening and complete resource allowlists need review.,backend/main.py; backend/privacy.py; scripts/build_release.py,Source review; additional requirement-specific verification required,backend/main.py; backend/privacy.py; scripts/build_release.py,PARTIAL,Configuration hardening and complete resource allowlists need review.
v5.0.0-13.4.6,3,Configuration,Unintended Information Leakage,Verify that the application does not expose detailed version information of backend components.,APPLICABLE,Outside L1/L2 release target; retained for completeness. Requirement applies to the Unintended Information Leakage surface; Configuration hardening and complete resource allowlists need review.,backend/main.py; backend/privacy.py; scripts/build_release.py,Source review; additional requirement-specific verification required,backend/main.py; backend/privacy.py; scripts/build_release.py,PARTIAL,L3 not verified; no L3 claim. Configuration hardening and complete resource allowlists need review.
v5.0.0-13.4.7,3,Configuration,Unintended Information Leakage,"Verify that the web tier is configured to only serve files with specific file extensions to prevent unintentional information, configuration, and source code leakage.",APPLICABLE,Outside L1/L2 release target; retained for completeness. Requirement applies to the Unintended Information Leakage surface; Configuration hardening and complete resource allowlists need review.,backend/main.py; backend/privacy.py; scripts/build_release.py,Source review; additional requirement-specific verification required,backend/main.py; backend/privacy.py; scripts/build_release.py,PARTIAL,L3 not verified; no L3 claim. Configuration hardening and complete resource allowlists need review.
v5.0.0-14.1.1,2,Data Protection,Data Protection Documentation,"Verify that all sensitive data created and processed by the application has been identified and classified into protection levels. This includes data that is only encoded and therefore easily decoded, such as Base64 strings or the plaintext payload inside a JWT. Protection levels need to take into account any data protection and privacy regulations and standards which the application is required to comply with.",APPLICABLE,Private/secret/operational/public-reviewed assets classified. No legal compliance claim.,docs/security/DATA_PROTECTION.md,Source/document review,docs/security/DATA_PROTECTION.md,PASS,
v5.0.0-14.1.2,2,Data Protection,Data Protection Documentation,"Verify that all sensitive data protection levels have a documented set of protection requirements. This must include (but not be limited to) requirements related to general encryption, integrity verification, retention, how the data is to be logged, access controls around sensitive data in logs, database-level encryption, privacy and privacy-enhancing technologies to be used, and other confidentiality requirements.",APPLICABLE,"Protection and retention requirements documented by class, with gaps disclosed.",docs/security/DATA_PROTECTION.md,Source/document review,docs/security/DATA_PROTECTION.md,PASS,
v5.0.0-14.2.1,1,Data Protection,General Data Protection,"Verify that sensitive data is only sent to the server in the HTTP message body or header fields, and that the URL and query string do not contain sensitive information, such as an API key or session token.",APPLICABLE,Requirement applies to the General Data Protection surface; Full storage/retention and browser termination verification incomplete.,backend/privacy.py; frontend/src/main.tsx; backend/security_events.py,Source review; additional requirement-specific verification required,backend/privacy.py; frontend/src/main.tsx; backend/security_events.py,PARTIAL,Full storage/retention and browser termination verification incomplete.
v5.0.0-14.2.2,2,Data Protection,General Data Protection,"Verify that the application prevents sensitive data from being cached in server components, such as load balancers and application caches, or ensures that the data is securely purged after use.",APPLICABLE,Requirement applies to the General Data Protection surface; Full storage/retention and browser termination verification incomplete.,backend/privacy.py; frontend/src/main.tsx; backend/security_events.py,Source review; additional requirement-specific verification required,backend/privacy.py; frontend/src/main.tsx; backend/security_events.py,PARTIAL,Full storage/retention and browser termination verification incomplete.
v5.0.0-14.2.3,2,Data Protection,General Data Protection,"Verify that defined sensitive data is not sent to untrusted parties (e.g., user trackers) to prevent unwanted collection of data outside of the application's control.",APPLICABLE,Requirement applies to the General Data Protection surface; Full storage/retention and browser termination verification incomplete.,backend/privacy.py; frontend/src/main.tsx; backend/security_events.py,Source review; additional requirement-specific verification required,backend/privacy.py; frontend/src/main.tsx; backend/security_events.py,PARTIAL,Full storage/retention and browser termination verification incomplete.
v5.0.0-14.2.4,2,Data Protection,General Data Protection,"Verify that controls around sensitive data related to encryption, integrity verification, retention, how the data is to be logged, access controls around sensitive data in logs, privacy and privacy-enhancing technologies, are implemented as defined in the documentation for the specific data's protection level.",APPLICABLE,Requirement applies to the General Data Protection surface; Full storage/retention and browser termination verification incomplete.,backend/privacy.py; frontend/src/main.tsx; backend/security_events.py,Source review; additional requirement-specific verification required,backend/privacy.py; frontend/src/main.tsx; backend/security_events.py,PARTIAL,Full storage/retention and browser termination verification incomplete.
v5.0.0-14.2.5,3,Data Protection,General Data Protection,"Verify that caching mechanisms are configured to only cache responses which have the expected content type for that resource and do not contain sensitive, dynamic content. The web server should return a 404 or 302 response when a non-existent file is accessed rather than returning a different, valid file. This should prevent Web Cache Deception attacks.",APPLICABLE,Outside L1/L2 release target; retained for completeness. Requirement applies to the General Data Protection surface; Full storage/retention and browser termination verification incomplete.,backend/privacy.py; frontend/src/main.tsx; backend/security_events.py,Source review; additional requirement-specific verification required,backend/privacy.py; frontend/src/main.tsx; backend/security_events.py,PARTIAL,L3 not verified; no L3 claim. Full storage/retention and browser termination verification incomplete.
v5.0.0-14.2.6,3,Data Protection,General Data Protection,"Verify that the application only returns the minimum required sensitive data for the application's functionality. For example, only returning some of the digits of a credit card number and not the full number. If the complete data is required, it should be masked in the user interface unless the user specifically views it.",APPLICABLE,Outside L1/L2 release target; retained for completeness. Requirement applies to the General Data Protection surface; Full storage/retention and browser termination verification incomplete.,backend/privacy.py; frontend/src/main.tsx; backend/security_events.py,Source review; additional requirement-specific verification required,backend/privacy.py; frontend/src/main.tsx; backend/security_events.py,PARTIAL,L3 not verified; no L3 claim. Full storage/retention and browser termination verification incomplete.
v5.0.0-14.2.7,3,Data Protection,General Data Protection,"Verify that sensitive information is subject to data retention classification, ensuring that outdated or unnecessary data is deleted automatically, on a defined schedule, or as the situation requires.",APPLICABLE,Outside L1/L2 release target; retained for completeness. Requirement applies to the General Data Protection surface; Full storage/retention and browser termination verification incomplete.,backend/privacy.py; frontend/src/main.tsx; backend/security_events.py,Source review; additional requirement-specific verification required,backend/privacy.py; frontend/src/main.tsx; backend/security_events.py,PARTIAL,L3 not verified; no L3 claim. Full storage/retention and browser termination verification incomplete.
v5.0.0-14.2.8,3,Data Protection,General Data Protection,Verify that sensitive information is removed from the metadata of user-submitted files unless storage is consented to by the user.,APPLICABLE,Outside L1/L2 release target; retained for completeness. Requirement applies to the General Data Protection surface; Full storage/retention and browser termination verification incomplete.,backend/privacy.py; frontend/src/main.tsx; backend/security_events.py,Source review; additional requirement-specific verification required,backend/privacy.py; frontend/src/main.tsx; backend/security_events.py,PARTIAL,L3 not verified; no L3 claim. Full storage/retention and browser termination verification incomplete.
v5.0.0-14.3.1,1,Data Protection,Client-side Data Protection,"Verify that authenticated data is cleared from client storage, such as the browser DOM, after the client or session is terminated. The 'Clear-Site-Data' HTTP response header field may be able to help with this but the client-side should also be able to clear up if the server connection is not available when the session is terminated.",APPLICABLE,Private DOM state persists on disconnect; no application termination/logout cleanup is implemented.,backend/privacy.py; frontend/src/main.tsx; backend/security_events.py,Source review; additional requirement-specific verification required,backend/privacy.py; frontend/src/main.tsx; backend/security_events.py,FAIL,Private DOM state persists on disconnect; no application termination/logout cleanup is implemented.
v5.0.0-14.3.2,2,Data Protection,Client-side Data Protection,"Verify that the application sets sufficient anti-caching HTTP response header fields (i.e., Cache-Control: no-store) so that sensitive data is not cached in browsers.",APPLICABLE,Requirement applies to the Client-side Data Protection surface; Full storage/retention and browser termination verification incomplete.,backend/privacy.py; frontend/src/main.tsx; backend/security_events.py,Source review; additional requirement-specific verification required,backend/privacy.py; frontend/src/main.tsx; backend/security_events.py,PARTIAL,Full storage/retention and browser termination verification incomplete.
v5.0.0-14.3.3,2,Data Protection,Client-side Data Protection,"Verify that data stored in browser storage (such as localStorage, sessionStorage, IndexedDB, or cookies) does not contain sensitive data, with the exception of session tokens.",APPLICABLE,Requirement applies to the Client-side Data Protection surface; Full storage/retention and browser termination verification incomplete.,backend/privacy.py; frontend/src/main.tsx; backend/security_events.py,Source review; additional requirement-specific verification required,backend/privacy.py; frontend/src/main.tsx; backend/security_events.py,PARTIAL,Full storage/retention and browser termination verification incomplete.
v5.0.0-15.1.1,1,Secure Coding and Architecture,Secure Coding and Architecture Documentation,"Verify that application documentation defines risk based remediation time frames for 3rd party component versions with vulnerabilities and for updating libraries in general, to minimize the risk from these components.",APPLICABLE,Dependency review/remediation targets documented.,docs/security/VULNERABILITY_MANAGEMENT.md,Source/document review,docs/security/VULNERABILITY_MANAGEMENT.md,PASS,
v5.0.0-15.1.2,2,Secure Coding and Architecture,Secure Coding and Architecture Documentation,"Verify that an inventory catalog, such as software bill of materials (SBOM), is maintained of all third-party libraries in use, including verifying that components come from pre-defined, trusted, and continually maintained repositories.",APPLICABLE,Requirement applies to the Secure Coding and Architecture Documentation surface; Field selection/mass assignment and resource limits need complete review; remote checks pending.,backend/main.py; backend/providers.py; requirements.lock.txt,Source review; additional requirement-specific verification required,backend/main.py; backend/providers.py; requirements.lock.txt,PARTIAL,Field selection/mass assignment and resource limits need complete review; remote checks pending.
v5.0.0-15.1.3,2,Secure Coding and Architecture,Secure Coding and Architecture Documentation,"Verify that the application documentation identifies functionality which is time-consuming or resource-demanding. This must include how to prevent a loss of availability due to overusing this functionality and how to avoid a situation where building a response takes longer than the consumer's timeout. Potential defenses may include asynchronous processing, using queues, and limiting parallel processes per user and per application.",APPLICABLE,Requirement applies to the Secure Coding and Architecture Documentation surface; Field selection/mass assignment and resource limits need complete review; remote checks pending.,backend/main.py; backend/providers.py; requirements.lock.txt,Source review; additional requirement-specific verification required,backend/main.py; backend/providers.py; requirements.lock.txt,PARTIAL,Field selection/mass assignment and resource limits need complete review; remote checks pending.
v5.0.0-15.1.4,3,Secure Coding and Architecture,Secure Coding and Architecture Documentation,"Verify that application documentation highlights third-party libraries which are considered to be ""risky components"".",APPLICABLE,Outside L1/L2 release target; retained for completeness. Requirement applies to the Secure Coding and Architecture Documentation surface; Field selection/mass assignment and resource limits need complete review; remote checks pending.,backend/main.py; backend/providers.py; requirements.lock.txt,Source review; additional requirement-specific verification required,backend/main.py; backend/providers.py; requirements.lock.txt,PARTIAL,L3 not verified; no L3 claim. Field selection/mass assignment and resource limits need complete review; remote checks pending.
v5.0.0-15.1.5,3,Secure Coding and Architecture,Secure Coding and Architecture Documentation,"Verify that application documentation highlights parts of the application where ""dangerous functionality"" is being used.",APPLICABLE,Outside L1/L2 release target; retained for completeness. Requirement applies to the Secure Coding and Architecture Documentation surface; Field selection/mass assignment and resource limits need complete review; remote checks pending.,backend/main.py; backend/providers.py; requirements.lock.txt,Source review; additional requirement-specific verification required,backend/main.py; backend/providers.py; requirements.lock.txt,PARTIAL,L3 not verified; no L3 claim. Field selection/mass assignment and resource limits need complete review; remote checks pending.
v5.0.0-15.2.1,1,Secure Coding and Architecture,Security Architecture and Dependencies,Verify that the application only contains components which have not breached the documented update and remediation time frames.,APPLICABLE,Requirement applies to the Security Architecture and Dependencies surface; Field selection/mass assignment and resource limits need complete review; remote checks pending.,backend/main.py; backend/providers.py; requirements.lock.txt,Source review; additional requirement-specific verification required,backend/main.py; backend/providers.py; requirements.lock.txt,PARTIAL,Field selection/mass assignment and resource limits need complete review; remote checks pending.
v5.0.0-15.2.2,2,Secure Coding and Architecture,Security Architecture and Dependencies,"Verify that the application has implemented defenses against loss of availability due to functionality which is time-consuming or resource-demanding, based on the documented security decisions and strategies for this.",APPLICABLE,Requirement applies to the Security Architecture and Dependencies surface; Field selection/mass assignment and resource limits need complete review; remote checks pending.,backend/main.py; backend/providers.py; requirements.lock.txt,Source review; additional requirement-specific verification required,backend/main.py; backend/providers.py; requirements.lock.txt,PARTIAL,Field selection/mass assignment and resource limits need complete review; remote checks pending.
v5.0.0-15.2.3,2,Secure Coding and Architecture,Security Architecture and Dependencies,"Verify that the production environment only includes functionality that is required for the application to function, and does not expose extraneous functionality such as test code, sample snippets, and development functionality.",APPLICABLE,Requirement applies to the Security Architecture and Dependencies surface; Field selection/mass assignment and resource limits need complete review; remote checks pending.,backend/main.py; backend/providers.py; requirements.lock.txt,Source review; additional requirement-specific verification required,backend/main.py; backend/providers.py; requirements.lock.txt,PARTIAL,Field selection/mass assignment and resource limits need complete review; remote checks pending.
v5.0.0-15.2.4,3,Secure Coding and Architecture,Security Architecture and Dependencies,"Verify that third-party components and all of their transitive dependencies are included from the expected repository, whether internally owned or an external source, and that there is no risk of a dependency confusion attack.",APPLICABLE,Outside L1/L2 release target; retained for completeness. Requirement applies to the Security Architecture and Dependencies surface; Field selection/mass assignment and resource limits need complete review; remote checks pending.,backend/main.py; backend/providers.py; requirements.lock.txt,Source review; additional requirement-specific verification required,backend/main.py; backend/providers.py; requirements.lock.txt,PARTIAL,L3 not verified; no L3 claim. Field selection/mass assignment and resource limits need complete review; remote checks pending.
v5.0.0-15.2.5,3,Secure Coding and Architecture,Security Architecture and Dependencies,"Verify that the application implements additional protections around parts of the application which are documented as containing ""dangerous functionality"" or using third-party libraries considered to be ""risky components"". This could include techniques such as sandboxing, encapsulation, containerization or network level isolation to delay and deter attackers who compromise one part of an application from pivoting elsewhere in the application.",APPLICABLE,Outside L1/L2 release target; retained for completeness. Requirement applies to the Security Architecture and Dependencies surface; Field selection/mass assignment and resource limits need complete review; remote checks pending.,backend/main.py; backend/providers.py; requirements.lock.txt,Source review; additional requirement-specific verification required,backend/main.py; backend/providers.py; requirements.lock.txt,PARTIAL,L3 not verified; no L3 claim. Field selection/mass assignment and resource limits need complete review; remote checks pending.
v5.0.0-15.3.1,1,Secure Coding and Architecture,Defensive Coding,"Verify that the application only returns the required subset of fields from a data object. For example, it should not return an entire data object, as some individual fields should not be accessible to users.",APPLICABLE,Requirement applies to the Defensive Coding surface; Field selection/mass assignment and resource limits need complete review; remote checks pending.,backend/main.py; backend/providers.py; requirements.lock.txt,Source review; additional requirement-specific verification required,backend/main.py; backend/providers.py; requirements.lock.txt,PARTIAL,Field selection/mass assignment and resource limits need complete review; remote checks pending.
v5.0.0-15.3.2,2,Secure Coding and Architecture,Defensive Coding,"Verify that where the application backend makes calls to external URLs, it is configured to not follow redirects unless it is intended functionality.",APPLICABLE,Redirects are disabled by default and explicitly revalidated for job fetching.,backend/adapters.py; tests/security/test_release_controls.py::test_redirect_private_destination_never_requested,Source/document review and existing regression (execution status in release evidence),backend/adapters.py; tests/security/test_release_controls.py::test_redirect_private_destination_never_requested,PASS,
v5.0.0-15.3.3,2,Secure Coding and Architecture,Defensive Coding,"Verify that the application has countermeasures to protect against mass assignment attacks by limiting allowed fields per controller and action, e.g., it is not possible to insert or update a field value when it was not intended to be part of that action.",APPLICABLE,Requirement applies to the Defensive Coding surface; Field selection/mass assignment and resource limits need complete review; remote checks pending.,backend/main.py; backend/providers.py; requirements.lock.txt,Source review; additional requirement-specific verification required,backend/main.py; backend/providers.py; requirements.lock.txt,PARTIAL,Field selection/mass assignment and resource limits need complete review; remote checks pending.
v5.0.0-15.3.4,2,Secure Coding and Architecture,Defensive Coding,"Verify that all proxying and middleware components transfer the user's original IP address correctly using trusted data fields that cannot be manipulated by the end user, and the application and web server use this correct value for logging and security decisions such as rate limiting, taking into account that even the original IP address may not be reliable due to dynamic IPs, VPNs, or corporate firewalls.",APPLICABLE,Requirement applies to the Defensive Coding surface; Field selection/mass assignment and resource limits need complete review; remote checks pending.,backend/main.py; backend/providers.py; requirements.lock.txt,Source review; additional requirement-specific verification required,backend/main.py; backend/providers.py; requirements.lock.txt,PARTIAL,Field selection/mass assignment and resource limits need complete review; remote checks pending.
v5.0.0-15.3.5,2,Secure Coding and Architecture,Defensive Coding,Verify that the application explicitly ensures that variables are of the correct type and performs strict equality and comparator operations. This is to avoid type juggling or type confusion vulnerabilities caused by the application code making an assumption about a variable type.,APPLICABLE,Requirement applies to the Defensive Coding surface; Field selection/mass assignment and resource limits need complete review; remote checks pending.,backend/main.py; backend/providers.py; requirements.lock.txt,Source review; additional requirement-specific verification required,backend/main.py; backend/providers.py; requirements.lock.txt,PARTIAL,Field selection/mass assignment and resource limits need complete review; remote checks pending.
v5.0.0-15.3.6,2,Secure Coding and Architecture,Defensive Coding,"Verify that JavaScript code is written in a way that prevents prototype pollution, for example, by using Set() or Map() instead of object literals.",APPLICABLE,Requirement applies to the Defensive Coding surface; Field selection/mass assignment and resource limits need complete review; remote checks pending.,backend/main.py; backend/providers.py; requirements.lock.txt,Source review; additional requirement-specific verification required,backend/main.py; backend/providers.py; requirements.lock.txt,PARTIAL,Field selection/mass assignment and resource limits need complete review; remote checks pending.
v5.0.0-15.3.7,2,Secure Coding and Architecture,Defensive Coding,"Verify that the application has defenses against HTTP parameter pollution attacks, particularly if the application framework makes no distinction about the source of request parameters (query string, body parameters, cookies, or header fields).",APPLICABLE,Requirement applies to the Defensive Coding surface; Field selection/mass assignment and resource limits need complete review; remote checks pending.,backend/main.py; backend/providers.py; requirements.lock.txt,Source review; additional requirement-specific verification required,backend/main.py; backend/providers.py; requirements.lock.txt,PARTIAL,Field selection/mass assignment and resource limits need complete review; remote checks pending.
v5.0.0-15.4.1,3,Secure Coding and Architecture,Safe Concurrency,"Verify that shared objects in multi-threaded code (such as caches, files, or in-memory objects accessed by multiple threads) are accessed safely by using thread-safe types and synchronization mechanisms like locks or semaphores to avoid race conditions and data corruption.",APPLICABLE,Outside L1/L2 release target; retained for completeness. Requirement applies to the Safe Concurrency surface; Field selection/mass assignment and resource limits need complete review; remote checks pending.,backend/main.py; backend/providers.py; requirements.lock.txt,Source review; additional requirement-specific verification required,backend/main.py; backend/providers.py; requirements.lock.txt,PARTIAL,L3 not verified; no L3 claim. Field selection/mass assignment and resource limits need complete review; remote checks pending.
v5.0.0-15.4.2,3,Secure Coding and Architecture,Safe Concurrency,"Verify that checks on a resource's state, such as its existence or permissions, and the actions that depend on them are performed as a single atomic operation to prevent time-of-check to time-of-use (TOCTOU) race conditions. For example, checking if a file exists before opening it, or verifying a user’s access before granting it.",APPLICABLE,Outside L1/L2 release target; retained for completeness. Requirement applies to the Safe Concurrency surface; Field selection/mass assignment and resource limits need complete review; remote checks pending.,backend/main.py; backend/providers.py; requirements.lock.txt,Source review; additional requirement-specific verification required,backend/main.py; backend/providers.py; requirements.lock.txt,PARTIAL,L3 not verified; no L3 claim. Field selection/mass assignment and resource limits need complete review; remote checks pending.
v5.0.0-15.4.3,3,Secure Coding and Architecture,Safe Concurrency,"Verify that locks are used consistently to avoid threads getting stuck, whether by waiting on each other or retrying endlessly, and that locking logic stays within the code responsible for managing the resource to ensure locks cannot be inadvertently or maliciously modified by external classes or code.",APPLICABLE,Outside L1/L2 release target; retained for completeness. Requirement applies to the Safe Concurrency surface; Field selection/mass assignment and resource limits need complete review; remote checks pending.,backend/main.py; backend/providers.py; requirements.lock.txt,Source review; additional requirement-specific verification required,backend/main.py; backend/providers.py; requirements.lock.txt,PARTIAL,L3 not verified; no L3 claim. Field selection/mass assignment and resource limits need complete review; remote checks pending.
v5.0.0-15.4.4,3,Secure Coding and Architecture,Safe Concurrency,"Verify that resource allocation policies prevent thread starvation by ensuring fair access to resources, such as by leveraging thread pools, allowing lower-priority threads to proceed within a reasonable timeframe.",APPLICABLE,Outside L1/L2 release target; retained for completeness. Requirement applies to the Safe Concurrency surface; Field selection/mass assignment and resource limits need complete review; remote checks pending.,backend/main.py; backend/providers.py; requirements.lock.txt,Source review; additional requirement-specific verification required,backend/main.py; backend/providers.py; requirements.lock.txt,PARTIAL,L3 not verified; no L3 claim. Field selection/mass assignment and resource limits need complete review; remote checks pending.
v5.0.0-16.1.1,2,Security Logging and Error Handling,Security Logging Documentation,"Verify that an inventory exists documenting the logging performed at each layer of the application's technology stack, what events are being logged, log formats, where that logging is stored, how it is used, how access to it is controlled, and for how long logs are kept.",APPLICABLE,Requirement applies to the Security Logging Documentation surface; Security event coverage incomplete and same-user logs mutable.,backend/security_events.py; backend/main.py,Source review; additional requirement-specific verification required,backend/security_events.py; backend/main.py,PARTIAL,Security event coverage incomplete and same-user logs mutable.
v5.0.0-16.2.1,2,Security Logging and Error Handling,General Logging,"Verify that each log entry includes necessary metadata (such as when, where, who, what) that would allow for a detailed investigation of the timeline when an event happens.",APPLICABLE,Requirement applies to the General Logging surface; Security event coverage incomplete and same-user logs mutable.,backend/security_events.py; backend/main.py,Source review; additional requirement-specific verification required,backend/security_events.py; backend/main.py,PARTIAL,Security event coverage incomplete and same-user logs mutable.
v5.0.0-16.2.2,2,Security Logging and Error Handling,General Logging,"Verify that time sources for all logging components are synchronized, and that timestamps in security event metadata use UTC or include an explicit time zone offset. UTC is recommended to ensure consistency across distributed systems and to prevent confusion during daylight saving time transitions.",APPLICABLE,Requirement applies to the General Logging surface; Security event coverage incomplete and same-user logs mutable.,backend/security_events.py; backend/main.py,Source review; additional requirement-specific verification required,backend/security_events.py; backend/main.py,PARTIAL,Security event coverage incomplete and same-user logs mutable.
v5.0.0-16.2.3,2,Security Logging and Error Handling,General Logging,Verify that the application only stores or broadcasts logs to the files and services that are documented in the log inventory.,APPLICABLE,Requirement applies to the General Logging surface; Security event coverage incomplete and same-user logs mutable.,backend/security_events.py; backend/main.py,Source review; additional requirement-specific verification required,backend/security_events.py; backend/main.py,PARTIAL,Security event coverage incomplete and same-user logs mutable.
v5.0.0-16.2.4,2,Security Logging and Error Handling,General Logging,"Verify that logs can be read and correlated by the log processor that is in use, preferably by using a common logging format.",APPLICABLE,Requirement applies to the General Logging surface; Security event coverage incomplete and same-user logs mutable.,backend/security_events.py; backend/main.py,Source review; additional requirement-specific verification required,backend/security_events.py; backend/main.py,PARTIAL,Security event coverage incomplete and same-user logs mutable.
v5.0.0-16.2.5,2,Security Logging and Error Handling,General Logging,"Verify that when logging sensitive data, the application enforces logging based on the data's protection level. For example, it may not be allowed to log certain data, such as credentials or payment details. Other data, such as session tokens, may only be logged by being hashed or masked, either in full or partially.",APPLICABLE,Requirement applies to the General Logging surface; Security event coverage incomplete and same-user logs mutable.,backend/security_events.py; backend/main.py,Source review; additional requirement-specific verification required,backend/security_events.py; backend/main.py,PARTIAL,Security event coverage incomplete and same-user logs mutable.
v5.0.0-16.3.1,2,Security Logging and Error Handling,Security Events,"Verify that all authentication operations are logged, including successful and unsuccessful attempts. Additional metadata, such as the type of authentication or factors used, should also be collected.",APPLICABLE,Requirement applies to the Security Events surface; Security event coverage incomplete and same-user logs mutable.,backend/security_events.py; backend/main.py,Source review; additional requirement-specific verification required,backend/security_events.py; backend/main.py,PARTIAL,Security event coverage incomplete and same-user logs mutable.
v5.0.0-16.3.2,2,Security Logging and Error Handling,Security Events,"Verify that failed authorization attempts are logged. For L3, this must include logging all authorization decisions, including logging when sensitive data is accessed (without logging the sensitive data itself).",APPLICABLE,Requirement applies to the Security Events surface; Security event coverage incomplete and same-user logs mutable.,backend/security_events.py; backend/main.py,Source review; additional requirement-specific verification required,backend/security_events.py; backend/main.py,PARTIAL,Security event coverage incomplete and same-user logs mutable.
v5.0.0-16.3.3,2,Security Logging and Error Handling,Security Events,"Verify that the application logs the security events that are defined in the documentation and also logs attempts to bypass the security controls, such as input validation, business logic, and anti-automation.",APPLICABLE,Requirement applies to the Security Events surface; Security event coverage incomplete and same-user logs mutable.,backend/security_events.py; backend/main.py,Source review; additional requirement-specific verification required,backend/security_events.py; backend/main.py,PARTIAL,Security event coverage incomplete and same-user logs mutable.
v5.0.0-16.3.4,2,Security Logging and Error Handling,Security Events,Verify that the application logs unexpected errors and security control failures such as backend TLS failures.,APPLICABLE,Requirement applies to the Security Events surface; Security event coverage incomplete and same-user logs mutable.,backend/security_events.py; backend/main.py,Source review; additional requirement-specific verification required,backend/security_events.py; backend/main.py,PARTIAL,Security event coverage incomplete and same-user logs mutable.
v5.0.0-16.4.1,2,Security Logging and Error Handling,Log Protection,Verify that all logging components appropriately encode data to prevent log injection.,APPLICABLE,Only fixed event names/reason with empty arbitrary fields are persisted.,tests/security/test_release_controls.py::test_telemetry_never_retains_free_text_and_rotates,Source/document review and existing regression (execution status in release evidence),tests/security/test_release_controls.py::test_telemetry_never_retains_free_text_and_rotates,PASS,
v5.0.0-16.4.2,2,Security Logging and Error Handling,Log Protection,Verify that logs are protected from unauthorized access and cannot be modified.,APPLICABLE,Same-user processes can modify logs; no append-only or remote integrity boundary.,backend/security_events.py; backend/main.py,Source review; additional requirement-specific verification required,backend/security_events.py; backend/main.py,FAIL,Same-user processes can modify logs; no append-only or remote integrity boundary.
v5.0.0-16.4.3,2,Security Logging and Error Handling,Log Protection,"Verify that logs are securely transmitted to a logically separate system for analysis, detection, alerting, and escalation. The aim is to ensure that if the application is breached, the logs are not compromised.",APPLICABLE,No logically separate log destination; logs remain local by design.,backend/security_events.py; backend/main.py,Source review; additional requirement-specific verification required,backend/security_events.py; backend/main.py,FAIL,No logically separate log destination; logs remain local by design.
v5.0.0-16.5.1,2,Security Logging and Error Handling,Error Handling,"Verify that a generic message is returned to the consumer when an unexpected or security-sensitive error occurs, ensuring no exposure of sensitive internal system data such as stack traces, queries, secret keys, and tokens.",APPLICABLE,Requirement applies to the Error Handling surface; Security event coverage incomplete and same-user logs mutable.,backend/security_events.py; backend/main.py,Source review; additional requirement-specific verification required,backend/security_events.py; backend/main.py,PARTIAL,Security event coverage incomplete and same-user logs mutable.
v5.0.0-16.5.2,2,Security Logging and Error Handling,Error Handling,"Verify that the application continues to operate securely when external resource access fails, for example, by using patterns such as circuit breakers or graceful degradation.",APPLICABLE,Requirement applies to the Error Handling surface; Security event coverage incomplete and same-user logs mutable.,backend/security_events.py; backend/main.py,Source review; additional requirement-specific verification required,backend/security_events.py; backend/main.py,PARTIAL,Security event coverage incomplete and same-user logs mutable.
v5.0.0-16.5.3,2,Security Logging and Error Handling,Error Handling,"Verify that the application fails gracefully and securely, including when an exception occurs, preventing fail-open conditions such as processing a transaction despite errors resulting from validation logic.",APPLICABLE,Requirement applies to the Error Handling surface; Security event coverage incomplete and same-user logs mutable.,backend/security_events.py; backend/main.py,Source review; additional requirement-specific verification required,backend/security_events.py; backend/main.py,PARTIAL,Security event coverage incomplete and same-user logs mutable.
v5.0.0-16.5.4,3,Security Logging and Error Handling,Error Handling,"Verify that a ""last resort"" error handler is defined which will catch all unhandled exceptions. This is both to avoid losing error details that must go to log files and to ensure that an error does not take down the entire application process, leading to a loss of availability.",APPLICABLE,Outside L1/L2 release target; retained for completeness. Requirement applies to the Error Handling surface; Security event coverage incomplete and same-user logs mutable.,backend/security_events.py; backend/main.py,Source review; additional requirement-specific verification required,backend/security_events.py; backend/main.py,PARTIAL,L3 not verified; no L3 claim. Security event coverage incomplete and same-user logs mutable.
v5.0.0-17.1.1,2,WebRTC,TURN Server,"Verify that the Traversal Using Relays around NAT (TURN) service only allows access to IP addresses that are not reserved for special purposes (e.g., internal networks, broadcast, loopback). Note that this applies to both IPv4 and IPv6 addresses.",NOT APPLICABLE,No WebRTC or TURN service.,Mechanism absent in reviewed architecture,"Route, dependency and implementation inventory review",backend/main.py; frontend/package.json,N/A,Reassess if this mechanism is introduced
v5.0.0-17.1.2,3,WebRTC,TURN Server,Verify that the Traversal Using Relays around NAT (TURN) service is not susceptible to resource exhaustion when legitimate users attempt to open a large number of ports on the TURN server.,NOT APPLICABLE,No WebRTC or TURN service.,Mechanism absent in reviewed architecture,"Route, dependency and implementation inventory review",backend/main.py; frontend/package.json,N/A,Reassess if this mechanism is introduced
v5.0.0-17.2.1,2,WebRTC,Media,Verify that the key for the Datagram Transport Layer Security (DTLS) certificate is managed and protected based on the documented policy for management of cryptographic keys.,NOT APPLICABLE,"No media server, DTLS or SRTP transport.",Mechanism absent in reviewed architecture,"Route, dependency and implementation inventory review",backend/main.py; frontend/package.json,N/A,Reassess if this mechanism is introduced
v5.0.0-17.2.2,2,WebRTC,Media,Verify that the media server is configured to use and support approved Datagram Transport Layer Security (DTLS) cipher suites and a secure protection profile for the DTLS Extension for establishing keys for the Secure Real-time Transport Protocol (DTLS-SRTP).,NOT APPLICABLE,"No media server, DTLS or SRTP transport.",Mechanism absent in reviewed architecture,"Route, dependency and implementation inventory review",backend/main.py; frontend/package.json,N/A,Reassess if this mechanism is introduced
v5.0.0-17.2.3,2,WebRTC,Media,Verify that Secure Real-time Transport Protocol (SRTP) authentication is checked at the media server to prevent Real-time Transport Protocol (RTP) injection attacks from leading to either a Denial of Service condition or audio or video media insertion into media streams.,NOT APPLICABLE,"No media server, DTLS or SRTP transport.",Mechanism absent in reviewed architecture,"Route, dependency and implementation inventory review",backend/main.py; frontend/package.json,N/A,Reassess if this mechanism is introduced
v5.0.0-17.2.4,2,WebRTC,Media,Verify that the media server is able to continue processing incoming media traffic when encountering malformed Secure Real-time Transport Protocol (SRTP) packets.,NOT APPLICABLE,"No media server, DTLS or SRTP transport.",Mechanism absent in reviewed architecture,"Route, dependency and implementation inventory review",backend/main.py; frontend/package.json,N/A,Reassess if this mechanism is introduced
v5.0.0-17.2.5,3,WebRTC,Media,Verify that the media server is able to continue processing incoming media traffic during a flood of Secure Real-time Transport Protocol (SRTP) packets from legitimate users.,NOT APPLICABLE,"No media server, DTLS or SRTP transport.",Mechanism absent in reviewed architecture,"Route, dependency and implementation inventory review",backend/main.py; frontend/package.json,N/A,Reassess if this mechanism is introduced
v5.0.0-17.2.6,3,WebRTC,Media,"Verify that the media server is not susceptible to the ""ClientHello"" Race Condition vulnerability in Datagram Transport Layer Security (DTLS) by checking if the media server is publicly known to be vulnerable or by performing the race condition test.",NOT APPLICABLE,"No media server, DTLS or SRTP transport.",Mechanism absent in reviewed architecture,"Route, dependency and implementation inventory review",backend/main.py; frontend/package.json,N/A,Reassess if this mechanism is introduced
v5.0.0-17.2.7,3,WebRTC,Media,Verify that any audio or video recording mechanisms associated with the media server are able to continue processing incoming media traffic during a flood of Secure Real-time Transport Protocol (SRTP) packets from legitimate users.,NOT APPLICABLE,"No media server, DTLS or SRTP transport.",Mechanism absent in reviewed architecture,"Route, dependency and implementation inventory review",backend/main.py; frontend/package.json,N/A,Reassess if this mechanism is introduced
v5.0.0-17.2.8,3,WebRTC,Media,"Verify that the Datagram Transport Layer Security (DTLS) certificate is checked against the Session Description Protocol (SDP) fingerprint attribute, terminating the media stream if the check fails, to ensure the authenticity of the media stream.",NOT APPLICABLE,"No media server, DTLS or SRTP transport.",Mechanism absent in reviewed architecture,"Route, dependency and implementation inventory review",backend/main.py; frontend/package.json,N/A,Reassess if this mechanism is introduced
v5.0.0-17.3.1,2,WebRTC,Signaling,Verify that the signaling server is able to continue processing legitimate incoming signaling messages during a flood attack. This should be achieved by implementing rate limiting at the signaling level.,NOT APPLICABLE,No real-time media signaling server.,Mechanism absent in reviewed architecture,"Route, dependency and implementation inventory review",backend/main.py; frontend/package.json,N/A,Reassess if this mechanism is introduced
v5.0.0-17.3.2,2,WebRTC,Signaling,"Verify that the signaling server is able to continue processing legitimate signaling messages when encountering malformed signaling message that could cause a denial of service condition. This could include implementing input validation, safely handling integer overflows, preventing buffer overflows, and employing other robust error-handling techniques.",NOT APPLICABLE,No real-time media signaling server.,Mechanism absent in reviewed architecture,"Route, dependency and implementation inventory review",backend/main.py; frontend/package.json,N/A,Reassess if this mechanism is introduced
